Dress Score,Stad Jump,Stad Time,XC Jump,XC Time,Final Score,Final Place,RF,Elimination
37,0,0,0,0,,,,
34.3,4,0,0,0,,,,
37.8,0,7.6,0,0,,,,
35.8,0,0,0,10.4,,,,
34,0,0,0,20,,,,
34.3,0,0,0,33.6,,,,
38.8,0,0,0,31.2,,,,
33.5,0,0,0,37.2,,,,
34,4,0,0,33.6,,,,
39.8,4,0,0,0,,,,
37.8,4,0,0,2.8,,,,
42,4,0,0,7.2,,,,
38.3,0,0,0,24.8,,,,
38.3,0,0,0,25.2,,,,
36.5,0,0,0,31.2,,,,
32.8,0,0,0,0,,,,
38.4,0,0,0,0,,,,
39.4,0,0,0,0,,,,
38.1,0,13.2,0,0,,,,
36.9,0,15.2,0,0,,,,
40.9,0,14.4,0,0,,,,
39.4,0,17.6,0,0,,,,
40.3,0,16.8,0,0,,,,
40.3,0,0,40,0,80.3,9,0,0
30.4,0,0,0,0,30.4,1,0,0
33.5,0,0,0,0,33.5,2,0,0
33,4,0,0,0,37,3,0,0
34.6,4,0,20,0,58.6,4,0,0
30.2,0,0,0,0,30.2,1,0,0
31.8,0,0,0,0,31.8,2,0,0
31.8,0,0,0,1.6,33.4,3,0,0
35.2,4,0,0,0,39.2,4,0,0
36.4,0,0,20,0,56.4,5,0,0
34.1,4,0,20,38.4,96.5,6,0,0
31.1,4,0,60,6.4,101.5,7,0,0
31.1,0,0,0,0,31.1,1,0,0
33.6,0,0,0,0,33.6,2,0,0
35.5,0,0,0,0.4,35.9,3,0,0
36.4,0,0,0,0,36.4,4,0,0
39.8,0,0,0,0,39.8,5,0,0
36.6,8,0,0,0,44.6,6,0,0
31.6,4,0,20,3.2,58.8,7,0,0
37.1,8,0,20,0,65.1,8,0,0
32.5,4,0,40,9.6,86.1,9,0,0
31.6,0,0,0,0,31.6,1,0,0
32.3,0,0,0,0,32.3,2,0,0
37.3,0,0,0,0,37.3,3,0,0
37.7,0,0,0,0,37.7,4,0,0
33.9,4,0,0,0,37.9,5,0,0
35.5,4,0,0,0.4,39.9,6,0,0
36.8,4,0,0,0,40.8,7,0,0
37.1,4,0,0,0,41.1,8,0,0
37.1,4,0,0,0,41.1,9,0,0
36.8,8,0,0,0,44.8,10,0,0
36.1,0,0,0,10.4,46.5,11,0,0
35,0,0,0,21.2,56.2,12,0,0
29.8,0,0,0,0,29.8,1,0,0
30.2,0,0,0,0,30.2,2,0,0
30.2,0,0,0,0,30.2,3,0,0
35,0,0,0,0,35,4,0,0
31.7,4,0,0,0,35.7,5,0,0
37.9,4,0,0,0,41.9,6,0,0
30,0,0,0,0,30,1,0,0
31.4,4,0,0,0,35.4,2,0,0
36.7,0,0,0,0,36.7,3,0,0
29.8,0,0,0,0,29.8,1,0,0
32.4,0,0,0,0,32.4,2,0,0
32.4,0,0,0,0.4,32.8,3,0,0
31.4,4,0,0,0,35.4,4,0,0
30,0,0,20,0,50,5,0,0
30.5,0,0,20,0,50.5,6,0,0
25.6,0,0,0,0,25.6,1,0,0
29.7,0,0,0,0,29.7,2,0,0
30.8,0,0,0,0,30.8,3,0,0
36.1,0,0,0,0,36.1,4,0,0
33.9,0,0,20,0,53.9,5,0,0
36.7,4,0,20,5.2,65.9,6,0,0
30.6,0,0,60,9.6,100.2,7,0,0
29.7,0,0,0,0,29.7,1,0,0
31.1,0,0,0,0,31.1,2,0,0
32.8,0,0,0,0,32.8,3,0,0
33.1,0,0,0,0,33.1,4,0,0
33.3,0,0,0,0,33.3,5,0,0
33.3,4,0,0,0,37.3,6,0,0
38.1,0,0,0,0,38.1,7,0,0
30.6,0,0,20,0,50.6,8,0,0
34.7,0,0,0,16.8,51.5,9,0,0
30.6,0,0,20,2.4,53,10,0,0
30.6,4,0,40,0,74.6,11,0,0
30.6,0,0,0,0,30.6,1,0,0
31.4,0,0,0,0,31.4,2,0,0
32.2,0,0,0,0,32.2,3,0,0
36.1,0,0,0,0,36.1,4,0,0
31.9,8,0,0,0,39.9,5,0,0
34.4,0,0,40,0,74.4,6,0,0
28.6,0,0,0,0,28.6,1,0,0
29.7,0,0,0,0,29.7,2,0,0
30.3,0,0,0,0,30.3,3,0,0
28.6,0,0,0,3.6,32.2,4,0,0
30.8,4,0,0,0,34.8,5,0,0
30.6,8,0,0,0,38.6,6,0,0
44.7,0,0,20,0,64.7,7,0,0
31.1,0,0,40,0,71.1,8,0,0
32.2,0,0,40,0,72.2,9,0,0
31.4,0,0,60,12.4,103.8,10,0,0
25.9,0,0,0,0,25.9,1,0,0
27.2,0,0,0,0,27.2,2,0,0
28.3,0,0,0,0,28.3,3,0,0
31.7,0,0,0,0,31.7,4,0,0
26.5,0,0,0,5.2,31.7,5,0,0
33,0,0,0,0,33,6,0,0
30,0,0,0,6,36,7,0,0
32.2,4,0,0,0,36.2,8,0,0
32.2,0,0,0,4.4,36.6,9,0,0
32.6,0,0,0,6.8,39.4,10,0,0
33.7,0,0,0,12.4,46.1,11,0,0
27,8,0,0,13.2,48.2,12,0,0
29.4,0,0,0,25.2,54.6,13,0,0
29.1,0,0,20,7.2,56.3,14,0,0
35,0,0,40,24,99,15,0,0
34.4,0,0,0,2.4,36.8,1,0,0
34.4,4,0,0,1.2,39.6,2,0,0
36.5,0,0,0,4.8,41.3,3,0,0
33.9,0,0,0,9.2,43.1,4,0,0
34.6,4,0,0,4.8,43.4,5,0,0
36.5,8,0,0,2,46.5,6,0,0
42.4,0,0,0,13.2,55.6,7,0,0
32.8,0,0,20,12.4,65.2,8,0,0
42.2,16,0,0,20,78.2,9,0,0
34.4,12,0,60,32.8,139.2,10,0,0
31.4,0,0,0,0,31.4,1,0,0
35.2,0,0,0,0,35.2,2,0,0
33.6,4,0,0,0,37.6,3,0,0
35,4,0,0,0,39,4,0,0
36.2,4,0,0,0,40.2,5,0,0
40,8,0,0,0,48,6,0,0
34.3,0,0,20,12.4,66.7,7,0,0
33.8,0,0,40,6.8,80.6,8,0,0
27.1,0,0,0,0,27.1,1,0,0
32.1,0,0,0,0,32.1,2,0,0
28.3,4,0,0,0,32.3,3,0,0
32.6,0,0,0,0,32.6,4,0,0
40,0,0,0,0,40,5,0,0
40,0,0,0,3.6,43.6,6,0,0
36.2,0,0,20,0,56.2,7,0,0
31,0,0,0,0,31,1,0,0
33.6,0,0,0,0,33.6,2,0,0
35.2,0,0,0,2.4,37.6,3,0,0
38.8,0,0,0,0,38.8,4,0,0
38.8,0,0,0,0,38.8,5,0,0
33.6,0,0,0,11.6,45.2,6,0,0
34.5,4,0,20,1.6,60.1,7,0,0
33.6,8,0,20,11.2,72.8,8,0,0
29.8,0,0,0,0,29.8,1,0,0
32.1,0,0,0,0,32.1,2,0,0
32.4,0,0,0,0,32.4,3,0,0
30.5,4,0,0,0,34.5,4,0,0
32.6,4,0,0,0,36.6,5,0,0
37.4,0,0,0,0,37.4,6,0,0
38.6,4,0,0,0,42.6,7,0,0
34.8,8,0,0,0,42.8,8,0,0
33.6,0,0,20,30,83.6,9,0,0
32.6,4,0,0,0,36.6,1,0,0
38.1,0,0,0,0,38.1,2,0,0
35,4,0,0,0,39,3,0,0
31.2,8,0,0,0,39.2,4,0,0
37.9,4,0,0,0,41.9,5,0,0
38.3,4,0,0,0,42.3,6,0,0
40.5,4,0,0,0,44.5,7,0,0
30.5,4,0,20,0,54.5,8,0,0
35.5,24,15.6,0,15.2,90.3,9,0,0
26.2,0,0,0,0,26.2,1,0,0
26.2,0,0,0,0,26.2,2,0,0
26.4,0,0,0,0,26.4,3,0,0
26.4,0,0,0,0,26.4,4,0,0
27.6,0,0,0,0,27.6,5,0,0
30.7,0,0,0,0,30.7,6,0,0
28.1,0,0,0,4,32.1,7,0,0
32.4,0,0,0,0,32.4,8,0,0
32.4,0,0,0,0,32.4,9,0,0
32.4,0,0,0,0,32.4,10,0,0
31.2,4,0,0,0.4,35.6,11,0,0
33.3,4,0,0,2,39.3,12,0,0
36,4,0,0,0,40,13,0,0
33.8,20,0,20,2,75.8,14,0,0
32.6,4,0,20,20.4,77,15,0,0
27.8,4,0,0,0,31.8,1,0,0
30.3,0,0,0,2,32.3,2,0,0
34.4,0,0,0,0,34.4,3,0,0
36.4,0,0,0,0,36.4,4,0,0
38.9,0,0,0,0,38.9,5,0,0
35.3,4,0,0,0,39.3,6,0,0
36.1,4,0,0,0,40.1,7,0,0
41.4,4,0,0,0,45.4,8,0,0
42.8,4,0,0,0,46.8,9,0,0
37.5,0,0,0,14,51.5,10,0,0
36.1,0,0,20,2.8,58.9,11,0,0
37.8,0,0,0,22.4,60.2,12,0,0
34.2,0,0,0,57.6,91.8,13,0,0
27.2,0,0,0,0,27.2,1,0,0
35.3,0,0,0,1.6,36.9,2,0,0
40.3,0,0,0,0,40.3,3,0,0
36.9,4,0,0,0,40.9,4,0,0
38.9,4,0,0,0,42.9,5,0,0
35.6,8,0,0,0,43.6,6,0,0
37.2,8,0,0,0,45.2,7,0,0
36.9,0,0,20,0,56.9,8,0,0
35.8,0,0,0,0,35.8,1,0,0
32.8,4,0,0,0,36.8,2,0,0
43.1,0,0,0,0,43.1,3,0,0
41.7,0,2.8,0,0,44.5,4,0,0
38.6,0,0,40,0,78.6,5,0,0
40.2,8,0,0,12,60.2,1,0,0
34.1,16,0,20,20.4,90.5,2,0,0
31.9,4,0,0,0.8,36.7,1,0,0
35.7,4,0,0,0,39.7,2,0,0
29.1,0,0,0,2,31.1,1,0,0
32.8,0,0,0,8.4,41.2,2,0,0
32.8,8,0,0,0.8,41.6,3,0,0
29.6,4,0,0,10,43.6,4,0,0
31.1,8,0,0,5.6,44.7,5,0,0
34.6,12,0,0,0.4,47,6,0,0
37,0,0,0,10.4,47.4,7,0,0
32.2,8,0,0,18.8,59,8,0,0
38.5,4,0.4,0,16.4,59.3,9,0,0
38,4,0,20,24.8,86.8,10,0,0
37,24,0,40,30.4,131.4,11,0,0
30.4,0,0,0,0,30.4,1,0,0
31.7,0,0,0,0.4,32.1,2,0,0
33.5,4,0,0,0,37.5,3,0,0
38.5,0,0,0,0,38.5,4,0,0
29.5,0,0,0,0,29.5,1,0,0
31.7,0,0,0,0,31.7,2,0,0
29.5,0,0,0,2.4,31.9,3,0,0
33.1,0,0,0,0,33.1,4,0,0
33.1,4,0,0,0,37.1,5,0,0
33.8,4,0,0,0,37.8,6,0,0
35,4,6.4,0,3.2,48.6,7,0,0
46,4,0,0,0,50,8,0,0
42.1,8,0,0,1.6,51.7,9,0,0
39.1,12,5.2,20,4.8,81.1,10,0,0
26.4,0,0,0,0.8,27.2,1,0,0
27.4,0,0,0,0,27.4,2,0,0
27.9,0,0,0,0,27.9,3,0,0
29.5,0,0,0,0.4,29.9,4,0,0
37.9,4,0,0,0,41.9,5,0,0
37.6,4,0,0,2,43.6,6,0,0
34.1,4,0,0,5.6,43.7,7,0,0
38.1,8,0,0,0,46.1,8,0,0
30.5,12,0,0,11.6,54.1,9,0,0
36.4,4,4.8,0,17.6,62.8,10,0,0
41,12,0.8,20,34.8,108.6,11,0,0
30,8,0,0,0,38,1,0,0
40,0,0,0,0,40,2,0,0
32,12,0,0,0,44,3,0,0
38,8,0,0,20.4,66.4,4,0,0
33.3,0,0,0,0,33.3,1,0,0
31,4,0,0,0,35,2,0,0
35.2,0,0,0,0,35.2,3,0,0
40.2,4,0,0,0,44.2,4,0,0
40.5,4,0,0,0,44.5,5,0,0
36.9,4,0,0,6.8,47.7,6,0,0
43.8,8,0,0,0,51.8,7,0,0
26.2,0,0,0,0,26.2,1,0,0
27.4,0,0,0,0,27.4,2,0,0
27.4,0,0,0,0,27.4,3,0,0
34.3,0,0,0,0,34.3,4,0,0
21,0,0,20,1.2,42.2,5,0,0
35.5,12,0,0,0,47.5,6,0,0
37.1,4,0,20,0,61.1,7,0,0
32.9,0,0,20,12.4,65.3,8,0,0
23.8,0,0,0,0,23.8,1,0,0
27.9,4,0,0,0,31.9,2,0,0
36.2,0,0,0,0.8,37,3,0,0
38.6,12,0,0,1.2,51.8,4,0,0
34.1,8,0,20,9.2,71.3,5,0,0
40.2,12,0.8,20,40.4,113.4,6,0,0
34.3,0,4:40,2,0,34.3,1,0,0
34.1,0,4:36,1,0,38.1,2,0,0
38.3,0,4:33,4,0,38.3,3,0,0
37.1,0,4:37,3,0,41.1,4,0,0
30.7,20,4:40,5,0,50.7,5,0,0
32.4,20,4:55,6,0,56.4,6,0,0
34.5,20,4:53,7,0,62.5,7,0,0
33.8,20,5:19,8,0.4,71,8,0,0
24.3,0,4:31,1,0,28.3,1,0,0
31,0,4:41,2,0,35,2,0,0
31.7,0,4:45,3,0,35.7,3,0,0
34.8,0,4:26,5,0,38.8,4,0,0
33.8,0,4:07,7,0,40.6,5,0,0
32.9,0,4:37,4,0,44.9,6,0,0
37.6,0,4:38,6,0,49.6,7,0,0
31.2,20,4:58,8,1.2,60.8,8,0,0
32.9,0,0,0,0,32.9,1,0,0
29.8,4,0,0,0,33.8,2,0,0
30,4,0,0,0,34,3,0,0
34.1,0,0,0,0,34.1,4,0,0
34.3,0,0,0,0,34.3,5,0,0
32.6,4,0,0,0,36.6,6,0,0
33.6,4,0,0,0,37.6,7,0,0
34.1,4,0,0,0,38.1,8,0,0
33.8,4,0,0,0.4,38.2,9,0,0
32.6,4,0,0,2.4,39,10,0,0
38.6,4,0,0,0,42.6,11,0,0
33.1,12,0,0,0,45.1,12,0,0
34.8,12,0,0,0,46.8,13,0,0
32.4,16,4.8,0,0,53.2,14,0,0
36.7,32,0,0,1.6,70.3,15,0,0
24.1,0,0,0,0,24.1,1,0,0
24.8,0,0,0,0,24.8,2,0,0
25.5,0,0,0,0,25.5,3,0,0
26.2,0,0,0,0,26.2,4,0,0
27.4,4,0,0,0,31.4,5,0,0
29.3,0,0,0,2.4,31.7,6,0,0
30.2,4,0,0,0,34.2,7,0,0
29.8,8,0,0,0,37.8,8,0,0
22.6,16,1.2,0,0,39.8,9,0,0
33.1,8,0,0,0,41.1,10,0,0
25.2,0,0,20,0,45.2,11,0,0
25.2,0,4:40,1,0,25.2,1,0,0
31.2,0,4:26,3,0,31.2,2,0,0
35,0,4:34,5,0,35,3,0,0
32.9,0,4:26,4,0,36.9,4,0,0
40.5,0,4:52,8,0,40.5,5,0,0
41.4,0,4:40,9,0,41.4,6,0,0
30.7,0,4:42,2,3.2,41.9,7,0,0
36,0,4:40,7,0,44,8,0,0
34.5,20,4:36,10,0,54.5,9,0,0
37.4,20,5:09,11,2.4,68.6,10,0,0
30.2,0,4:27,1,0,30.2,1,0,0
33.8,0,4:34,2,0,33.8,2,0,0
40.2,0,4:37,6,0,40.2,3,0,0
34.3,0,4:47,3,0,42.3,4,0,0
34.5,0,4:41,4,0,46.5,5,0,0
39.1,0,5:00,7,0,52.3,6,0,0
43.8,0,4:34,8,0,59.8,7,0,0
35.5,0,4:59,5,4.8,61.1,8,0,0
25.3,0,4:48,1,0,25.3,1,0,0
29.4,0,4:46,2,0,29.4,2,0,0
30,0,4:48,3,0,30,3,0,0
34.7,0,4:29,6,0,34.7,4,0,0
29.7,0,5:26,4,0,36.1,5,0,0
30.6,0,5:25,5,1.2,37.8,6,0,0
36.7,0,4:28,7,0,40.7,7,0,0
42.5,0,4:38,11,0,42.5,8,0,0
41.7,0,4:29,10,0,49.7,9,0,0
37.5,20,5:18,14,0,57.5,10,0,0
33.3,20,4:27,13,0,61.3,11,0,0
30.8,20,4:30,12,4,62.8,12,0,0
40.8,20,5:55,15,0,74.8,13,0,0
37.5,40,5:16,16,0,81.5,14,0,0
33.3,0,4:27,1,0,33.3,1,0,0
36.4,0,5:00,3,0,36.4,2,0,0
36.9,0,4:25,5,0,36.9,3,0,0
33.9,0,5:07,2,0,37.9,4,0,0
40,0,4:39,8,0,40,5,0,0
36.7,0,4:18,4,0,40.7,6,0,0
38.3,0,4:35,6,0,42.3,7,0,0
39.7,0,5:06,7,0,43.7,8,0,0
33.6,0,6:27,10,7.2,75.6,9,0,0
38.6,20,6:38,11,0,89.8,10,0,0
44.4,40,8:11,12,0,156.8,11,0,0
34.7,0,5:08,2,0,34.7,1,0,0
35,0,4:38,3,0,35,2,0,0
36.9,0,4:30,5,0,36.9,3,0,0
34.4,0,4:48,1,0,38.4,4,0,0
37.5,0,4:12,8,0,39.1,5,0,0
38.1,0,5:01,6,0,42.1,6,0,0
38.9,0,4:34,7,0,42.9,7,0,0
36.7,0,4:34,4,0,44.7,8,0,0
39.7,0,4:28,9,0,47.7,9,0,0
38.9,0,4:02,11,0,48.5,10,0,0
46.4,0,4:48,12,0,50.4,11,0,0
35.3,0,4:00,10,5.2,66.9,12,0,0
41.4,0,6:00,13,15.2,80.6,13,0,0
28.3,0,5:04,1,0,28.3,1,0,0
33.9,0,4:47,2,0,33.9,2,0,0
38.9,0,5:22,8,0,38.9,3,0,0
35.3,0,4:55,5,0,39.3,4,0,0
40.3,0,5:25,10,0,44.3,5,0,0
33.9,0,4:59,2,7.2,45.1,6,0,0
38.6,0,4:41,7,0,46.6,7,0,0
40,0,5:04,9,0,48,8,0,0
39.4,20,6:42,11,0,92.2,9,0,0
27.5,0,4:44,2,0,27.5,1,0,0
25.8,0,4:53,1,0,29.8,2,0,0
32.2,0,5:29,4,0,32.2,3,0,0
33.1,0,5:37,7,0,35.9,4,0,0
33.1,0,5:18,5,0,37.1,5,0,0
34.2,0,5:24,6,0,38.2,6,0,0
40,0,5:00,9,0,40,7,0,0
38.9,0,5:03,8,0,42.9,8,0,0
40.6,0,5:36,10,0,47,9,0,0
31.9,0,5:19,3,0,47.9,10,0,0
29.2,20,5:31,11,0,57.6,11,0,0
35.8,20,5:44,12,0,65.4,12,0,0
41.9,20,5:09,13,0,69.9,13,0,0
22.5,0,4:46,1,0,22.5,1,0,0
24.7,0,5:10,2,0,24.7,2,0,0
30.3,0,4:52,3,0,30.3,3,0,0
30.6,0,4:59,4,0,30.6,4,0,0
31.4,0,4:34,6,0,31.8,5,0,0
31.9,0,5:15,7,0,31.9,6,0,0
32.5,0,5:18,9,0,32.5,7,0,0
31.1,0,5:12,5,0,35.1,8,0,0
31.9,0,5:38,11,0,35.1,9,0,0
31.9,0,5:09,7,0,35.9,10,0,0
37.8,0,5:02,13,0,37.8,11,0,0
37.8,0,4:53,13,0,37.8,12,0,0
36.1,0,4:52,12,0,40.1,13,0,0
38.3,0,5:17,15,0,42.3,14,0,0
34.4,0,5:13,10,0,42.4,15,0,0
45.8,0,4:47,19,0,45.8,16,0,0
42.5,0,5:23,18,0,46.5,17,0,0
27.2,20,5:15,20,0,47.2,18,0,0
35.8,20,5:23,21,0,59.8,21,0,0
37.2,40,5:58,22,0,96.4,22,0,0
23.6,0,4:47,1,0,23.6,1,0,0
32.5,0,5:02,4,0,32.5,2,0,0
33.9,0,4:55,5,0,33.9,3,0,0
30.6,0,4:54,2,0,34.6,4,0,0
34.7,0,5:02,6,0,34.7,5,0,0
40.3,0,4:52,8,0,40.3,6,0,0
40.8,0,5:19,9,0,40.8,7,0,0
38.3,0,4:31,7,0,47.9,8,0,0
31.9,20,5:38,11,0,55.1,9,0,0
24.6,0,0,0,0,24.6,1,0,0
23.3,0,0,0,3.6,26.9,2,0,0
27,0,0,0,0,27,3,0,0
25,0,0,0,2.4,27.4,4,0,0
29.8,0,0,0,0,29.8,5,0,0
31.3,0,0,0,0,31.3,6,0,0
27.6,4,0,0,0,31.6,7,0,0
29.1,4,0,0,0,33.1,8,0,0
35,0,0,0,0,35,9,0,0
32.4,4,0,0,0,36.4,10,0,0
35.7,0,0,0,2,37.7,11,0,0
29.6,8,0.8,0,0,38.4,12,0,0
29.6,8,0,0,6.8,44.4,13,0,0
31.5,4,0,0,0,35.5,1,0,0
36.7,0,0,0,0,36.7,2,0,0
37.7,0,0,0,2.8,40.5,3,0,0
31,0,0,20,0,51,4,0,0
31.7,0,4:50,1,0,31.7,1,0,0
32.1,0,4:47,2,0,32.1,2,0,0
32.9,0,4:54,3,0,32.9,3,0,0
33.8,0,5:09,4,0,33.8,4,0,0
34.8,0,4:56,5,0,38.8,5,0,0
35,0,4:53,6,0,39,6,0,0
40.5,0,4:53,7,0,40.5,7,0,0
21.4,0,0,0,0,21.4,1,0,0
24.5,0,0,0,0,24.5,2,0,0
20.7,4,0,0,0,24.7,3,0,0
29.1,0,0,0,0,29.1,4,0,0
31.2,0,0,0,0,31.2,5,0,0
31,4,0,0,0,35,6,0,0
35,0,0,0,0,35,7,0,0
42.4,0,0,0,0,42.4,8,0,0
43.3,0,0,0,0,43.3,9,0,0
40.2,4,0,0,0,44.2,10,0,0
38.3,8,0,0,0,46.3,11,0,0
18.1,0,0,0,0,18.1,1,0,0
25,0,0,0,0,25,2,0,0
28.1,0,0,0,0,28.1,3,0,0
26.2,12,0,0,0,38.2,4,0,0
36.4,0,0,0,2,38.4,5,0,0
35.2,12,0,0,0,47.2,6,0,0
32.6,0,0,20,0,52.6,7,0,0
33.1,0,0,20,0,53.1,8,0,0
32.1,20,2,0,7.6,61.7,9,0,0
26.9,4,0,20,13.6,64.5,10,0,0
19.3,0,5:00,1,0,19.3,1,0,0
25.7,0,5:17,2,0,25.7,2,0,0
29.3,0,5:07,6,0,29.3,3,0,0
30.2,0,5:18,9,0,30.2,4,0,0
30.2,0,5:06,9,0,30.2,5,0,0
26.4,0,5:03,3,0,30.4,6,0,0
30.7,0,4:46,12,0,30.7,7,0,0
31.4,0,5:21,14,0,31.4,8,0,0
31.7,0,5:23,15,0,31.7,9,0,0
31.7,0,5:03,15,0,31.7,10,0,0
31.7,0,4:40,15,0,31.7,11,0,0
32.1,0,4:57,18,0,32.1,12,0,0
29.1,0,5:35,4,0,33.1,13,0,0
33.1,0,5:16,20,0,33.1,14,0,0
33.3,0,5:04,21,0,33.3,15,0,0
29.3,0,5:03,6,0,33.3,16,0,0
33.6,0,4:44,22,0,33.6,17,0,0
30.5,0,5:01,11,0,34.5,18,0,0
31,0,4:47,13,0,35,19,0,0
29.3,0,4:52,6,6.4,35.7,20,0,0
29.1,0,4:57,4,0,37.1,21,0,0
37.6,0,5:09,26,0,37.6,22,0,0
37.6,0,5:38,27,0,38.4,23,0,0
32.1,0,5:01,18,0,44.1,24,0,0
36.2,0,5:21,25,0,48.2,25,0,0
29.3,20,5:14,28,0,49.3,26,0,0
23.1,4,0,0,0,27.1,1,0,0
23.1,4,0,0,0,27.1,2,0,0
27.4,0,0,0,0,27.4,3,0,0
32.1,0,0,0,0,32.1,4,0,0
33.6,0,0,0,0,33.6,5,0,0
34.8,0,0,0,0,34.8,6,0,0
31.9,4,0,0,0,35.9,7,0,0
37.9,0,0,0,0,37.9,8,0,0
39.8,0,0,0,2.8,42.6,9,0,0
38.8,4,0,0,0,42.8,10,0,0
29.8,8,0,0,6.8,44.6,11,0,0
45.7,0,0,0,0,45.7,12,0,0
39.3,12,0,0,0,51.3,13,0,0
42.9,4,0,0,8.4,55.3,14,0,0
56,20,0,0,0,76,15,0,0
21.9,4,0,0,0,25.9,1,0,0
26,0,0,0,0,26,2,0,0
27.1,0,0,0,0,27.1,3,0,0
26.9,4,0,0,0,30.9,4,0,0
31.7,0,0,0,0,31.7,5,0,0
30.7,4,0,0,0,34.7,6,0,0
29.5,0,0,0,5.2,34.7,7,0,0
29.8,4,1.6,0,0,35.4,8,0,0
36.2,0,0,0,0,36.2,9,0,0
32.9,4,0,0,0,36.9,10,0,0
30.7,8,0,0,0,38.7,11,0,0
26.9,12,0,0,0,38.9,12,0,0
27.9,0,0,20,0,47.9,13,0,0
32.4,16,0,0,0,48.4,14,0,0
31.4,0,0,0,0,31.4,1,0,0
31.4,4,0,0,0,35.4,2,0,0
37.4,0,0,0,0,37.4,3,0,0
31,8,0,0,0,39,4,0,0
35.5,4,0,0,0,39.5,5,0,0
36.7,4,0,0,0,40.7,6,0,0
36.4,8,0,0,8.4,52.8,7,0,0
25,0,0,0,0,25,1,0,0
25.5,0,0,0,0,25.5,2,0,0
27.9,0,0,0,0,27.9,3,0,0
25.7,4,0,0,0,29.7,4,0,0
33.6,0,0,0,0,33.6,5,0,0
36.7,0,0,0,0,36.7,6,0,0
38.8,0,0,0,0,38.8,7,0,0
35.2,4,0,0,0,39.2,8,0,0
35.2,4,0,0,0,39.2,9,0,0
26.7,8,0,20,0,54.7,10,0,0
44.8,4,1.6,20,0,70.4,11,0,0
23.9,0,4:39,2,0,23.9,1,0,0
25.8,0,4:41,4,0,25.8,2,0,0
25.8,0,4:40,4,0,25.8,3,0,0
26.4,0,4:39,6,0,26.4,4,0,0
25.3,0,4:57,3,1.6,26.9,5,0,0
26.9,0,4:36,7,0,26.9,6,0,0
27.2,0,4:51,8,0,27.2,7,0,0
27.8,0,4:18,9,0,27.8,8,0,0
28.1,0,4:30,10,0,28.1,9,0,0
28.6,0,4:23,11,0,28.6,10,0,0
28.9,0,4:34,12,0,28.9,11,0,0
31.7,0,4:53,14,0,31.7,12,0,0
31.9,0,4:40,15,0,31.9,13,0,0
32.8,0,4:45,16,0,32.8,14,0,0
33.1,0,4:48,17,0,33.1,15,0,0
33.1,0,4:10,17,0,33.1,16,0,0
33.6,0,4:29,19,0,33.6,17,0,0
30.3,0,4:42,13,0,34.3,18,0,0
34.4,0,4:29,21,0,34.4,19,0,0
34.7,0,5:05,22,0,34.7,20,0,0
34.7,0,4:35,22,0,34.7,21,0,0
35.3,0,4:57,24,0,35.3,22,0,0
23.6,0,4:21,1,0,35.6,23,0,0
32.5,0,5:19,25,0,35.7,24,0,0
36.7,0,4:22,26,0,36.7,25,0,0
37.2,0,4:37,27,0,37.2,26,0,0
33.9,0,4:38,20,0,37.9,27,0,0
42.5,0,4:40,28,0,42.5,28,0,0
26.9,20,4:31,29,1.2,48.1,29,0,0
33.3,20,4:58,30,0,53.3,30,0,0
36.9,20,4:41,31,0,56.9,31,0,0
34.4,20,5:52,32,0,70.8,32,0,0
29.5,0,0,0,0,29.5,1,0,0
29.8,0,0,0,0,29.8,2,0,0
30.3,0,0,0,0,30.3,3,0,0
30.5,0,0,0,0,30.5,4,0,0
31.8,0,0,0,0,31.8,5,0,0
35.3,0,0,0,0,35.3,8,0,0
36.3,0,0,0,0,36.3,9,0,0
35.8,0,0,20,0,55.8,10,0,0
34.5,4,0,20,0,58.5,11,0,0
33,8,0,20,0,61,12,0,0
24.8,0,0,0,0,24.8,1,0,0
25.5,0,0,0,0,25.5,2,0,0
34.5,0,0,0,0,34.5,3,0,0
37,0,0,0,0,37,4,0,0
38.5,4,0,0,0,42.5,5,0,0
43.5,0,0,0,0,43.5,6,0,0
37.8,0,0,20,0,57.8,7,0,0
28,0,0,40,0,68,8,0,0
34.5,0,0,40,0,74.5,9,0,0
42.5,0,0,40,0,82.5,10,0,0
31.6,0,0,0,0,31.6,1,0,0
36.9,0,0,0,0,36.9,2,0,0
36.6,0,0,20,0,56.6,3,0,0
31.9,16,0,20,0,67.9,4,0,0
30.7,0,0,0,0,30.7,1,0,0
34.1,0,0,0,0,34.1,2,0,0
34.8,0,0,0,0,34.8,3,0,0
35.7,0,0,0,0,35.7,4,0,0
32.9,4,0,0,0,36.9,5,0,0
33.3,4,0,0,0,37.3,6,0,0
33.5,0,0,0,0,33.5,3,0,0
29.8,4,0,0,0,33.8,4,0,0
34,0,0,0,0,34,5,0,0
34.3,0,0,0,0,34.3,6,0,0
34.8,0,0,0,0,34.8,7,0,0
35.8,0,0,0,0,35.8,8,0,0
37.5,4,0,0,0,41.5,9,0,0
43.5,0,0,0,0,43.5,10,0,0
38.3,12,0,0,0,50.3,11,0,0
38.5,4,0,20,0,62.5,12,0,0
33.3,4,0,0,0,37.3,3,0,0
34.3,4,0,20,0,58.3,4,0,0
30.5,0,0,0,0,30.5,1,0,0
27.4,4,0,0,0,31.4,2,0,0
33.8,0,0,0,0,33.8,3,0,0
30.7,4,0,0,0,34.7,4,0,0
36,4,0,0,0,40,5,0,0
35,8,0,0,0,43,6,0,0
35.2,8,0,0,0,43.2,7,0,0
28.6,0,0,0,0,28.6,1,0,0
29.8,0,0,0,0,29.8,2,0,0
29.3,4,0,0,0,33.3,3,0,0
34.3,0,0,0,0,34.3,4,0,0
32.9,4,0,0,0,36.9,5,0,0
31.2,8,0,20,0,59.2,6,0,0
34.3,8,0,20,0,62.3,7,0,0
32.1,8,0,60,0,100.1,8,0,0
26.2,8,0,0,0,34.2,1,0,0
36.4,0,0,0,0,36.4,4,0,0
33.8,8,0,0,0,41.8,5,0,0
25.7,4,0,20,0,49.7,6,0,0
34.1,0,0,20,0,54.1,7,0,0
35.7,8,0,40,0,83.7,8,0,0
28.3,0,0,0,0,28.3,1,0,0
28.3,4,0,0,0,32.3,2,0,0
33.1,0,0,0,0,33.1,3,0,0
40,0,0,0,0,40,4,0,0
32.5,8,0,0,0,40.5,5,0,0
39.4,8,0,0,0,47.4,6,0,0
38.1,4,0,20,0,62.1,7,0,0
46.1,0,0,20,0,66.1,8,0,0
33.1,8,0,60,0,101.1,9,0,0
40.3,4,0,60,0,104.3,10,0,0
30,0,0,0,0,30,1,0,0
30.8,0,0,0,0,30.8,2,0,0
31.9,0,0,0,0,31.9,3,0,0
34.2,0,0,0,0,34.2,4,0,0
30,0,0,20,0,50,5,0,0
31.9,0,0,20,0,51.9,6,0,0
35.3,0,0,20,0,55.3,7,0,0
35.6,0,0,20,0,55.6,8,0,0
35,4,0,20,0,59,9,0,0
34.7,12,0,20,0,66.7,10,0,0
34.2,4,0,40,0,78.2,11,0,0
36.4,8,0,145,0,189.4,12,0,0
28.6,0,0,0,0,28.6,1,0,0
29.4,0,0,0,0,29.4,2,0,0
30,0,0,0,0,30,3,0,0
31.4,0,0,0,0,31.4,4,0,0
33.9,0,0,0,0,33.9,5,0,0
36.1,8,0,0,0,44.1,6,0,0
29.7,0,0,20,0,49.7,7,0,0
36.9,4,0,20,0,60.9,8,0,0
41.1,4,0,20,0,65.1,9,0,0
26.7,4,0,0,0,30.7,1,0,0
30.8,0,0,0,0,30.8,2,0,0
31.1,0,0,0,0,31.1,3,0,0
31.7,0,0,0,0,31.7,4,0,0
34.2,0,0,0,0,34.2,5,0,0
34.4,4,0,0,0,38.4,6,0,0
41.7,0,0,0,0,41.7,9,0,0
38.3,4,0,0,0,42.3,10,0,0
42.5,0,0,0,0,42.5,11,0,0
42.8,0,0,20,0,62.8,12,0,0
43.9,0,0,40,0,83.9,13,0,0
29.7,0,0,0,0,29.7,1,0,0
33.3,0,0,0,0,33.3,2,0,0
34.4,0,0,0,0,34.4,3,0,0
32.2,4,0,0,0,36.2,4,0,0
36.4,0,0,0,0,36.4,5,0,0
40.8,8,0,0,0,48.8,6,0,0
29.1,0,0,0,0,29.1,1,0,0
30,0,0,0,0,30,2,0,0
30.5,0,0,0,0,30.5,3,0,0
31.4,0,0,0,0,31.4,4,0,0
33.3,0,0,0,0,33.3,5,0,0
31,4,0,0,0,35,6,0,0
35.3,4,0,0,0,39.3,1,0,0
40,0,0,0,0,40,2,0,0
26.1,0,0,0,0,26.1,1,0,0
30.8,0,0,0,0,30.8,2,0,0
35.8,8,0,0,0,43.8,3,0,0
25.3,0,0,0,0,25.3,1,0,0
35,0,0,0,0,35,2,0,0
36.9,0,0,0,0,36.9,3,0,0
34.2,0,0,0,0,34.2,1,0,0
36.4,0,0,0,0,36.4,1,0,0
34.3,8,0,0,0,42.3,2,0,0
38.6,8,0,0,0,46.6,3,0,0
38.3,16,0,0,0,54.3,4,0,0
30.7,0,0,0,0,30.7,1,0,0
31.4,0,0,0,0,31.4,2,0,0
38.3,0,0,0,0,38.3,3,0,0
40.2,0,0,0,0,40.2,4,0,0
37.1,4,0,0,0,41.1,5,0,0
36.2,16,0,0,0,52.2,6,0,0
35.5,4,0,20,0,59.5,7,0,0
42.9,8,0,20,0,70.9,8,0,0
28.6,8,0,60,0,96.6,9,0,0
34.3,0,0,0,0,34.3,1,0,0
30.5,4,0,0,0,34.5,2,0,0
36.7,0,0,0,0,36.7,3,0,0
32.9,4,0,0,0,36.9,4,0,0
38.3,0,0,0,0,38.3,5,0,0
42.1,0,0,0,0,42.1,6,0,0
46,0,0,0,0,46,9,0,0
25.5,0,0,0,0,25.5,1,0,0
38.8,0,0,0,0,38.8,2,0,0
27.4,12,0,0,0,39.4,3,0,0
36,4,0,0,0,40,4,0,0
27.6,0,0,20,0,47.6,5,0,0
38.3,12,0,0,0,50.3,6,0,0
33.1,4,0,0,0,37.1,1,0,0
37.6,4,0,0,0,41.6,2,0,0
44.8,0,0,0,0,44.8,3,0,0
37.9,8,0,0,0,45.9,4,0,0
42.4,4,0,0,0,46.4,5,0,0
42.4,8,0,0,0,50.4,6,0,0
43.1,0,0,20,0,63.1,7,0,0
24.8,4,0,0,0,28.8,1,0,0
29.8,0,0,0,0,29.8,2,0,0
30,0,0,0,0,30,3,0,0
27.9,4,0,0,0,31.9,4,0,0
27.6,8,0,0,0,35.6,5,0,0
31.9,4,0,0,0,35.9,6,0,0
28.1,0,0,20,0,48.1,7,0,0
36,16,0,0,0,52,8,0,0
28.8,4,0,0,0,32.8,1,0,0
34.1,0,0,0,0,34.1,2,0,0
34.8,0,0,0,0,34.8,3,0,0
36.2,0,0,0,0,36.2,4,0,0
37.9,4,0,0,0,41.9,5,0,0
34.3,12,0,0,0,46.3,6,0,0
41.2,8,0,0,0,49.2,7,0,0
32.1,0,0,60,0,92.1,8,0,0
38.8,8,0,65,0,111.8,9,0,0
21.9,4,0,0,0,25.9,1,0,0
26.4,0,0,0,0,26.4,2,0,0
26.9,0,0,0,0,26.9,3,0,0
24.3,4,0,0,0,28.3,4,0,0
21.7,8,0,0,0,29.7,5,0,0
31.9,0,0,0,0,31.9,6,0,0
33.3,0,0,0,0,33.3,7,0,0
31,4,0,0,0,35,8,0,0
35.2,8,0,0,0,43.2,9,0,0
46.2,0,0,0,0,46.2,10,0,0
23.1,12,0,20,0,55.1,11,0,0
24.3,0,0,0,0,24.3,1,0,0
30.2,0,0,0,0,30.2,2,0,0
32.6,0,0,0,0,32.6,3,0,0
32.9,0,0,0,0,32.9,4,0,0
35.5,4,0,40,0,79.5,5,0,0
26.1,0,0,0,0,26.1,1,0,0
25.3,4,0,0,0,29.3,2,0,0
29.4,4,0,0,0,33.4,3,0,0
40.6,0,0,0,0,40.6,4,0,0
36.7,4,0,0,0,40.7,5,0,0
37.2,4,0,0,0,41.2,6,0,0
45.6,4,0,0,0,49.6,7,0,0
33.9,4,0,20,0,57.9,8,0,0
37.8,0,0,0,0,37.8,1,0,0
33.9,4,0,0,0,37.9,2,0,0
35.6,0,0,20,0,55.6,3,0,0
45.8,4,0,20,0,69.8,4,0,0
33.1,0,0,0,0,33.1,1,0,0
30.6,4,0,0,0,34.6,2,0,0
33.9,4,0,0,0,37.9,3,0,0
43.3,0,0,0,0,43.3,4,0,0
42.8,4,0,0,0,46.8,5,0,0
39.7,8,0,0,0,47.7,6,0,0
43.3,8,0,0,0,51.3,7,0,0
44.7,8,0,0,0,52.7,8,0,0
30.8,4,0,20,0,54.8,9,0,0
45.6,12,0,0,0,57.6,10,0,0
16.1,0,0,0,0,16.1,1,0,0
15.6,4,0,0,0,19.6,2,0,0
23.3,0,0,0,0,23.3,3,0,0
19.7,4,0,0,0,23.7,4,0,0
20,4,0,0,0,24,5,0,0
28.3,0,0,0,0,28.3,6,0,0
25,4,0,0,0,29,7,0,0
30.8,4,0,0,0,34.8,8,0,0
28.1,0,0,20,0,48.1,11,0,0
37.8,0,0,20,0,57.8,12,0,0
23.1,4,0,0,0,27.1,1,0,0
27.2,0,0,0,0,27.2,2,0,0
32.2,0,0,0,0,32.2,3,0,0
33.6,0,0,0,0,33.6,4,0,0
36.7,0,0,0,0,36.7,5,0,0
37.2,0,0,0,0,37.2,6,0,0
34.4,4,0,0,0,38.4,7,0,0
38.9,0,0,0,0,38.9,8,0,0
33.3,8,0,0,0,41.3,9,0,0
38.1,12,0,0,0,50.1,10,0,0
36.9,4,0,40,0,80.9,11,0,0
33.6,4,0,0,0,37.6,1,0,0
37.8,0,0,0,0,37.8,2,0,0
31.4,0,0,20,0,51.4,3,0,0
48.3,4,0,0,0,52.3,4,0,0
31.4,4,0,20,0,55.4,5,0,0
36.4,0,0,20,0,56.4,6,0,0
46.4,8,0,20,0,74.4,7,0,0
33.9,0,0,65,0,98.9,8,0,0
33.6,0,0,0,0,33.6,1,0,0
35.8,4,0,0,0,39.8,2,0,0
37.5,4,0,0,0,41.5,3,0,0
38.6,4,0,0,0,42.6,4,0,0
41.7,8,0,0,0,49.7,5,0,0
50.6,0,0,0,0,50.6,6,0,0
38.6,0,0,20,0,58.6,7,0,0
33.9,0,0,0,0,33.9,1,0,0
31.1,0,0,0,0,31.1,3,0,0
33.9,0,0,0,0,33.9,4,0,0
37.5,4,0,0,0,41.5,5,0,0
37.8,4,0,0,0,41.8,6,0,0
34.2,8,0,0,0,42.2,7,0,0
38.3,4,0,0,0,42.3,8,0,0
33.1,0,0,0,0,33.1,1,0,0
35.8,0,0,0,0,35.8,2,0,0
37.2,0,0,0,0,37.2,3,0,0
38.9,0,0,0,0,38.9,4,0,0
41.4,0,0,0,0,41.4,5,0,0
43.6,0,0,0,0,43.6,6,0,0
43.9,0,0,0,0,43.9,7,0,0
39.2,8,0,0,0,47.2,8,0,0
42.5,12,0,60,0,114.5,9,0,0
21.9,4,0,0,0,25.9,1,0,0
26.1,0,0,0,0,26.1,2,0,0
26.4,4,0,0,0,30.4,3,0,0
30.6,0,0,0,0,30.6,4,0,0
26.7,4,0,0,0,30.7,5,0,0
46.1,8,0,0,0,54.1,6,0,0
21.9,16,0,20,0,57.9,7,0,0
24.2,16,0,40,0,80.2,8,0,0
27.8,0,0,0,0,27.8,1,0,0
32.5,0,0,0,0,32.5,2,0,0
35.8,0,0,0,0,35.8,3,0,0
19.1,0,0,0,0,19.1,1,0,0
20,0,0,0,0,20,2,0,0
22.8,0,0,0,0,22.8,3,0,0
24.1,0,0,0,0,24.1,4,0,0
20.6,4,0,0,0,24.6,5,0,0
29.7,0,0,0,0,29.7,6,0,0
22.2,8,0,0,0,30.2,7,0,0
27.8,0,0,0,0,27.8,1,0,0
28.4,0,0,0,0,28.4,2,0,0
30.9,0,0,0,0,30.9,3,0,0
31.9,0,0,0,0,31.9,1,0,0
34.4,0,0,0,0,34.4,2,0,0
37.8,0,0,0,0,37.8,3,0,0
35,0,0,20,0,55,4,0,0
20.9,8,0,0,0,28.9,3,0,0
33.4,0,0,0,0,33.4,4,0,0
33.8,0,0,0,0,33.8,5,0,0
25.3,0,0,20,0,45.3,6,0,0
28.8,0,0,0,0,28.8,1,0,0
29.4,0,0,0,0,29.4,2,0,0
33.4,0,0,0,0,33.4,3,0,0
34.4,0,0,0,0,34.4,4,0,0
30.7,0,0,0,0,30.7,1,0,0
29.1,0,0,0,8,37.1,2,0,0
33.9,0,0,0,6.8,40.7,3,0,0
29.3,0,0.8,0,12,42.1,4,0,0
33.4,4,0,0,7.6,45,5,0,0
36.6,8,0,0,11.6,56.2,6,0,0
39.5,16,0,0,10.4,65.9,7,0,0
30.5,4,3.2,20,12.4,70.1,8,0,0
32,0,0,20,23.6,75.6,9,0,0
30,4,0,60,30,124,10,0,0
30.5,0,0,0,3.2,33.7,1,0,0
29.1,0,0,0,4.8,33.9,2,0,0
30.2,4,0,0,0,34.2,3,0,0
32.9,0,0,0,4.8,37.7,4,0,0
31.4,8,0,0,1.6,41,5,0,0
29.6,0,0,0,13.2,42.8,6,0,0
32.5,0,0.4,0,10,42.9,7,0,0
30.2,0,0,0,15.2,45.4,8,0,0
34.1,0,0,0,19.2,53.3,9,0,0
32.3,8,0,0,20.4,60.7,10,0,0
37.5,4,0,0,22.4,63.9,11,0,0
26.7,0,0,0,0,26.7,1,0,0
25.8,0,0,0,2,27.8,2,0,0
27.9,4,0,0,0,31.9,3,0,0
31.5,0,0,0,3.6,35.1,4,0,0
28.1,4,0,0,9.2,41.3,5,0,0
33.5,8,0,0,4.4,45.9,6,0,0
29.4,4,0,0,13.6,47,7,0,0
40.2,4,1.6,0,23.6,69.4,8,0,0
23.3,0,0,0,3.6,26.9,1,0,0
26,0,0,0,2.8,28.8,2,0,0
28.8,0,0,0,7.2,36,3,0,0
25,0,0,0,11.6,36.6,4,0,0
31.7,0,0,0,5.6,37.3,5,0,0
33.8,0,0,0,5.2,39,6,0,0
31.5,12,0,0,2.4,45.9,7,0,0
32.1,8,0,0,9.2,49.3,8,0,0
38.8,4,0,0,15.6,58.4,9,0,0
27.5,4,0,20,36,87.5,10,0,0
23.3,4,0,0,0,27.3,1,0,0
31.3,0,0,0,2.4,33.7,2,0,0
30.6,0,0,0,9.6,40.2,3,0,0
31.7,4,0,0,9.6,45.3,4,0,0
31.3,20,0,0,7.6,58.9,5,0,0
27.9,0,1.6,0,29.6,59.1,6,0,0
31.3,0,0,20,19.2,70.5,7,0,0
19.6,0,0,0,0,19.6,1,0,0
23,0,0,0,0,23,2,0,0
23.9,0,0,0,0,23.9,3,0,0
28,0,0,0,0,28,4,0,0
30.5,0,0,0,0,30.5,5,0,0
33.4,0,0,0,0,33.4,6,0,0
29.1,4,0,0,0.4,33.5,7,0,0
29.6,4,0,0,0,33.6,8,0,0
25.7,8,0,0,0,33.7,9,0,0
28,0,0,0,6,34,10,0,0
35.5,0,0,0,0,35.5,11,0,0
35.7,0,0,0,0,35.7,12,0,0
22.7,4,0,0,12.8,39.5,13,0,0
33,0,0,20,1.6,54.6,14,0,0
27.5,0,0,20,8.4,55.9,15,0,0
28.3,0,0,0,0,28.3,1,0,0
30.8,4,0,0,0,34.8,2,0,0
30.6,8,0,20,5.2,63.8,3,0,0
37.7,4,0,20,12,73.7,4,0,0
28.9,0,0.4,0,0,29.3,1,0,0
30.7,0,0,0,0,30.7,2,0,0
33.4,0,0,0,0,33.4,3,0,0
36.1,0,0,0,0,36.1,4,0,0
32.5,0,0,0,3.6,36.1,5,0,0
28.2,8,0,0,0,36.2,6,0,0
32.1,8,0,0,0,40.1,7,0,0
40.9,0,0,0,4.8,45.7,8,0,0
33.4,4,0,0,8.4,45.8,9,0,0
25.7,0,0,0,0,25.7,1,0,0
26.9,0,0,0,0,26.9,2,0,0
26.7,0,0,0,0.4,27.1,3,0,0
27.9,0,0,0,0,27.9,4,0,0
27.9,4,0,0,0,31.9,5,0,0
32.6,0,0,0,0,32.6,6,0,0
32.9,0,0,0,0,32.9,7,0,0
30,4,0,0,0,34,8,0,0
30.5,4,0,0,0,34.5,9,0,0
29.1,8,0,0,0,37.1,10,0,0
31.9,8,0,0,0,39.9,11,0,0
28.6,12,0,0,0,40.6,12,0,0
36.7,12,0,0,0,48.7,13,0,0
31.4,0,0,20,0,51.4,14,0,0
38.6,12,2.8,0,0,53.4,15,0,0
24.3,0,0,0,0,24.3,1,0,0
25.5,0,0,0,0,25.5,2,0,0
25.7,0,0.8,0,0,26.5,3,0,0
26.7,0,0,0,0,26.7,4,0,0
26.7,0,0,0,0,26.7,5,0,0
27.4,0,0,0,0,27.4,6,0,0
27.9,0,0,0,0,27.9,7,0,0
27.1,0,0,0,1.2,28.3,8,0,0
29.3,0,0,0,0,29.3,9,0,0
25,4,0,0,1.2,30.2,10,0,0
23.8,8,0,0,0,31.8,11,0,0
31.7,0,0,0,2.8,34.5,12,0,0
38.1,0,0,0,0,38.1,15,0,0
32.4,8,0,0,0,40.4,16,0,0
33.3,0,0,20,9.6,62.9,17,0,0
23.5,0,0,0,0,23.5,1,0,0
23.3,4,0,0,0,27.3,2,0,0
32.3,0,0,0,0,32.3,3,0,0
39.3,0,0,0,0,39.3,4,0,0
39.5,0,0,0,0,39.5,5,0,0
24,4,0,0,11.6,39.6,6,0,0
30.5,4,0,80,23.2,137.7,7,0,0
25.3,0,0,0,0,25.3,1,0,0
27.8,0,0,0,0,27.8,2,0,0
29.3,0,0,0,0,29.3,3,0,0
27,4,0,0,0,31,4,0,0
27.3,4,0,0,0,31.3,5,0,0
27.2,0,6:57,2,0,27.2,1,0,0
30.5,0,6:51,3,0,30.5,2,0,0
31.3,0,7:02,4,0,31.3,3,0,0
32.4,0,6:39,7,0,32.4,4,0,0
34.2,0,6:53,9,0,34.2,5,0,0
35.6,0,7:00,11,0,35.6,6,0,0
26.6,0,7:27,5,0,35.8,7,0,0
36,0,7:09,12,0,36,8,0,0
32.2,0,6:39,6,0,36.2,9,0,0
34.3,0,7:12,10,0,38.3,10,0,0
36.5,0,7:07,13,0,40.5,11,0,0
39.1,0,7:07,17,0,43.1,12,0,0
40.3,0,7:06,18,0,44.3,13,0,0
32.6,0,7:01,8,0.4,45,14,0,0
39.4,0,7:20,20,0,45.8,15,0,0
38.6,0,6:57,16,0,46.6,16,0,0
35.2,0,7:20,14,0,49.6,17,0,0
37.7,0,7:04,15,0,49.7,18,0,0
37.8,0,7:43,21,0,57.4,19,0,0
32.3,20,7:28,24,0,57.9,20,0,0
34.8,20,7:21,23,0,61.6,21,0,0
26.5,0,6:59,1,3.2,61.7,22,0,0
49.1,0,7:27,22,2,64.3,23,0,0
31.3,40,7:49,26,1.2,98.5,24,0,0
34.8,40,7:48,27,2.8,99.2,25,0,0
37.8,20,8:18,25,5.6,105,26,0,0
36.6,60,7:47,28,0,121.8,27,0,0
29.8,0,7:54,1,0.4,30.2,1,0,0
29.9,0,8:14,2,0.4,35.5,2,0,0
38.2,0,8:03,3,0,38.2,3,0,0
38.3,0,8:14,4,0,39.5,4,0,0
40,0,7:57,5,0,44,5,0,0
44.6,0,8:07,7,0,48.6,6,0,0
34.2,0,8:35,6,0,51.8,7,0,0
34.8,15,7:47,9,0,53.8,8,0,0
40.6,0,8:26,8,1.2,55.8,9,0,0
35,20,9:22,10,0,87.4,10,0,0
35.6,20,10:08,11,0.4,110.8,11,0,0
29.4,0,10:01,1,1.2,31,1,0,0
32,0,9:41,2,0.4,32.4,2,0,0
34.8,0,10:03,3,0.4,36.4,3,0,0
33.3,0,10:07,4,2,38.1,4,0,0
36.7,0,10:04,5,2.8,41.1,5,0,0
31.3,15,10:01,7,0.4,51.1,6,0,0
35.2,0,10:17,6,0.4,54.4,7,0,0
34.1,15,10:21,8,0,57.5,8,0,0
37.7,20,10:12,9,0.4,62.9,9,0,0
34.9,35,10:48,11,0.8,101.9,10,0,0
18.9,0,5:31,1,0,18.9,1,0,0
24.8,0,5:35,3,0,24.8,2,0,0
24.1,0,6:03,8,0,31.3,3,0,0
26.1,0,6:01,9,0,32.5,4,0,0
28.7,0,5:41,5,0,32.7,5,0,0
24.4,0,6:09,10,0,34,6,0,0
27.2,0,6:04,13,0,34.8,7,0,0
30.9,0,5:28,7,0,34.9,8,0,0
28.9,0,5:58,11,0.8,34.9,9,0,0
34.6,0,5:30,12,0.8,35.4,10,0,0
24.6,0,6:12,14,0,35.4,11,0,0
30.7,0,5:44,6,2.8,37.5,12,0,0
28,0,5:33,4,0,44,13,0,0
23.5,0,5:34,2,0,55.5,14,0,0
42,0,6:02,16,0,60.8,15,0,0
32,0,6:22,15,0,62.8,16,0,0
33.5,20,6:19,18,0,67.1,17,0,0
33.5,20,6:36,19,0,85.9,18,0,0
33,0,5:43,2,0,33,1,0,0
33.3,0,5:42,3,0,33.3,2,0,0
29.6,0,5:55,4,0.8,34.4,3,0,0
35.4,0,5:49,8,0,37,4,0,0
38,0,5:30,10,0.4,38.4,5,0,0
33.3,0,5:52,7,0,40.1,6,0,0
30.2,0,5:50,1,0,40.2,7,0,0
33,0,6:00,11,0,43,8,0,0
35.9,0,5:43,6,0,43.9,9,0,0
40.2,0,5:37,12,0,44.2,10,0,0
36.5,0,6:01,15,2.4,45.3,11,0,0
36.3,0,5:59,13,0,45.9,12,0,0
38,0,5:56,14,0,50.4,13,0,0
34.1,0,6:16,18,0,50.5,14,0,0
44.8,0,5:33,16,0,52.8,15,0,0
37,0,6:20,20,2,53,16,0,0
37.4,0,5:44,9,0,53.4,17,0,0
33,0,6:21,19,1.6,57,18,0,0
36.7,0,6:33,21,0,59.9,19,0,0
34.6,0,6:49,23,0,60.2,20,0,0
37,20,5:43,22,0,65,21,0,0
39.1,20,6:23,25,0,74.3,22,0,0
31.1,20,6:18,24,0,76.3,23,0,0
36.1,20,6:53,26,0.4,91.7,24,0,0
35.7,20,7:12,27,0,94.5,25,0,0
33.3,0,5:44,3,0,33.3,1,0,0
33.8,0,6:00,5,0,33.8,2,0,0
30.5,0,5:28,1,0,34.5,3,0,0
34.8,0,5:41,7,0,34.8,4,0,0
35.2,0,5:37,8,0,35.2,5,0,0
31.4,0,5:24,2,0,35.4,6,0,0
33.6,0,6:00,4,0,37.6,7,0,0
38.1,0,5:23,10,0,38.1,8,0,0
36,0,5:54,9,0,40,9,0,0
42.6,0,5:08,11,0,46.6,10,0,0
34.3,0,5:41,6,3.2,49.5,11,0,0
33.8,20,5:55,12,0,53.8,12,0,0
35,0,6:54,13,0,58.2,13,0,0
32.4,40,6:41,14,0,86.4,14,0,0
44.3,60,6:29,16,0,113.5,15,0,0
22.1,0,5:03,1,0,22.1,1,0,0
24.1,0,5:19,3,0,24.1,2,0,0
24.8,0,5:14,5,0,24.8,3,0,0
25.5,0,5:12,6,0,25.5,4,0,0
26.4,0,5:22,7,0.4,26.8,5,0,0
26.1,0,5:29,9,0.4,27.3,6,0,0
28.6,0,5:23,11,0,28.6,7,0,0
29.6,0,5:14,17,0,29.6,8,0,0
30.7,0,5:19,18,0,30.7,9,0,0
27.1,0,5:36,18,0,30.7,10,0,0
27.5,0,5:03,10,0,31.5,11,0,0
23.9,0,5:15,2,0,31.9,12,0,0
24.1,0,5:19,3,0,32.1,13,0,0
32.1,0,5:01,22,0,32.1,14,0,0
26.6,0,5:06,8,1.6,32.2,15,0,0
28.6,0,5:19,11,0,32.6,16,0,0
29.1,0,4:57,15,0,33.1,17,0,0
35.5,0,5:24,28,0,35.5,18,0,0
31.6,0,5:16,21,0,35.6,19,0,0
32.1,0,5:16,22,0,36.1,20,0,0
26.1,0,5:42,22,0,36.1,21,0,0
36.4,0,5:06,29,0,36.4,22,0,0
29.3,0,5:24,16,0,37.3,23,0,0
35,0,4:57,26,0,39,24,0,0
36.6,0,5:33,34,0,39,25,0,0
29.1,0,5:32,20,0,39.1,26,0,0
28.9,0,4:58,13,0,40.9,27,0,0
34.8,0,5:28,27,0,43.2,28,0,0
30.7,0,5:52,35,0,44.7,29,0,0
33.6,0,5:35,31,0,44.8,30,0,0
28.9,0,5:19,13,0,44.9,31,0,0
41.1,0,5:07,36,0,45.1,32,0,0
41.6,0,5:21,37,0,45.6,33,0,0
39.3,0,5:33,38,0,45.7,34,0,0
35.2,0,5:30,29,0,48.4,35,0,0
34.8,0,5:27,25,0,50.8,36,0,0
45,0,5:48,42,0,53.4,37,0,0
49.3,0,5:32,41,0,55.3,38,0,0
42.3,0,5:21,39,1.6,55.9,39,0,0
31.6,20,5:52,44,0,61.6,40,0,0
38.9,0,5:11,33,0,62.9,41,0,0
30.7,20,5:58,45,0,71.1,42,0,0
33.4,20,6:59,46,4.4,98.6,43,0,0
18.3,0,5:19,1,0,26.3,1,0,0
27.1,0,5:42,4,0,27.1,2,0,0
24.3,0,5:37,2,0,28.3,3,0,0
29.5,0,5:20,6,0,29.5,4,0,0
29.8,0,5:41,7,0,29.8,5,0,0
26,0,5:45,3,0,30,6,0,0
31.4,0,5:49,8,0,35.4,7,0,0
34.1,0,5:40,9,0,38.1,8,0,0
41.4,0,5:34,12,0,41.4,9,0,0
29.5,0,6:35,11,5.2,50.3,10,0,0
32.6,20,6:04,13,0,56.6,11,0,0
36.9,0,5:41,10,0,60.9,12,0,0
45.7,0,6:44,14,0,64.9,13,0,0
37.6,60,5:09,15,0,101.6,14,0,0
26.9,0,5:38,1,0,26.9,1,0,0
27.6,0,5:10,2,0,27.6,2,0,0
31,0,5:40,4,0,31,3,0,0
31.4,0,5:41,5,0,31.4,4,0,0
29.5,0,5:23,3,0,33.5,5,0,0
33.8,0,5:47,6,0,33.8,6,0,0
35,0,5:32,9,0,35,7,0,0
36.9,0,5:26,10,0,36.9,8,0,0
34.1,0,5:50,7,0,38.1,9,0,0
30.7,0,6:25,11,0,38.3,10,0,0
34.3,0,5:17,8,0,42.3,11,0,0
45.7,0,5:39,12,0,49.7,12,0,0
33.3,20,6:07,13,0,57.7,13,0,0
29.8,0,5:25,1,0,29.8,1,0,0
31.4,0,5:16,2,0,31.4,2,0,0
32.4,0,5:49,3,0,32.4,3,0,0
38.3,0,5:04,5,0,38.3,4,0,0
35,0,5:36,4,0,39,5,0,0
42.1,0,6:07,6,1.6,44.1,6,0,0
37.6,20,5:34,7,0,57.6,7,0,0
37.6,20,6:10,8,0,71.2,8,0,0
25,4,0,0,0,29,1,0,0
29.5,0,0,0,0,29.5,2,0,0
28.8,0,0,0,1.2,30,3,0,0
31.2,0,0,0,0,31.2,4,0,0
33.1,0,0,0,0,33.1,5,0,0
29.5,4,0,0,0,33.5,6,0,0
33.6,0,0,0,0,33.6,7,0,0
31.2,4,0,0,0,35.2,8,0,0
33.6,0,0,0,1.6,35.2,9,0,0
37.4,0,0,0,0,37.4,10,0,0
37.9,0,0,0,0,37.9,11,0,0
38.6,0,0,0,0,38.6,12,0,0
33.8,12,0,0,0,45.8,13,0,0
30.2,0,0,20,0,50.2,14,0,0
32.6,0,0,20,0,52.6,15,0,0
32.9,0,0,20,0,52.9,16,0,0
56.9,0,0,0,0,56.9,17,0,0
41.9,0,0,20,0,61.9,18,0,0
38.1,4,0,20,0,62.1,19,0,0
33.8,0,0,60,0,93.8,20,0,0
36,8,0,60,0,104,21,0,0
27.4,0,0,0,0,27.4,1,0,0
30.2,0,0,0,0,30.2,2,0,0
30.2,0,0,0,0,30.2,3,0,0
33.1,0,0,0,0,33.1,4,0,0
30.5,4,0,0,0,34.5,5,0,0
35.5,0,0,0,0,35.5,6,0,0
39.1,0,0.4,0,0,39.5,7,0,0
35.7,4,0,0,0,39.7,8,0,0
40,0,0,0,0,40,9,0,0
31.9,12,0,0,0,43.9,10,0,0
27.9,12,16.4,0,0,56.3,11,0,0
30,12,0,20,0,62,12,0,0
30.7,4,0,40,11.6,86.3,13,0,0
26.9,0,5:10,1,0,30.9,1,0,0
31.2,0,5:41,2,0,31.2,2,0,0
35,0,5:00,4,0,35,3,0,0
31.7,0,5:51,3,0,35.7,4,0,0
37.6,0,4:37,5,0,40,5,0,0
25.7,20,5:43,7,0,45.7,6,0,0
26,20,5:33,8,0,46,7,0,0
40,0,5:16,5,0.4,52.4,8,0,0
33.8,20,5:47,9,0,65.8,9,0,0
38.1,40,6:50,10,7.6,112.1,10,0,0
24.1,0,5:24,2,0,24.1,1,0,0
21.4,0,5:22,1,0,25.4,2,0,0
29.1,0,5:58,3,0,29.1,3,0,0
30.2,0,5:24,4,0,30.2,4,0,0
30.2,0,5:14,4,0,30.2,5,0,0
30.5,0,5:46,6,0,30.5,6,0,0
33.1,0,5:21,8,0,33.1,7,0,0
34.3,0,5:18,10,0,34.3,8,0,0
34.3,0,5:03,10,0,34.3,9,0,0
31.7,0,5:41,7,0,35.7,10,0,0
30.7,0,4:37,9,0,37.1,11,0,0
37.9,0,5:06,13,0,41.9,12,0,0
34.8,0,5:31,12,0,42.8,13,0,0
38.1,20,4:33,16,0,62.1,14,0,0
38.6,20,6:07,14,0,63.8,15,0,0
29.1,40,5:28,17,0.8,77.9,16,0,0
30.2,0,7:23,15,8,85.8,17,0,0
25.5,0,0,0,0,25.5,1,0,0
29.3,0,0,0,0,29.3,2,0,0
32.4,0,0,0,0,32.4,3,0,0
33.8,0,0,0,0,33.8,4,0,0
36,0,0,0,0,36,5,0,0
36.4,0,0,0,0,36.4,6,0,0
37.4,0,0,0,0,37.4,7,0,0
38.1,0,0,0,0,38.1,8,0,0
31,8,0.8,0,0,39.8,9,0,0
36.7,4,0,0,0,40.7,10,0,0
29.8,12,0,0,0,41.8,11,0,0
31,8,3.6,0,0,42.6,12,0,0
40.7,8,0,0,0,48.7,13,0,0
31.4,4,0,20,0,55.4,14,0,0
33.8,4,2.4,20,0,60.2,15,0,0
31.5,0,5:02,3,0,31.5,1,0,0
35.2,0,4:48,8,0,35.2,2,0,0
35.6,0,5:13,11,0,35.6,3,0,0
31.7,0,4:59,4,0,35.7,4,0,0
35.2,0,4:54,8,0,39.2,5,0,0
35.6,0,4:56,11,0,39.6,6,0,0
30.6,0,5:01,2,1.6,40.2,7,0,0
36.2,0,5:15,14,1.2,41.4,8,0,0
38.3,0,5:06,15,0,42.3,9,0,0
35.4,0,4:52,10,0,43.4,10,0,0
34.6,0,5:21,13,0,43.8,11,0,0
28.7,0,4:54,1,0,44.7,12,0,0
33.9,0,4:51,7,0,45.9,13,0,0
40.8,0,4:53,19,0,48.8,14,0,0
42.1,0,5:01,20,0.8,50.9,15,0,0
29.4,20,5:10,21,0,53.4,16,0,0
32.7,20,5:21,22,0,53.9,17,0,0
39.8,0,5:20,18,0.8,61.4,18,0,0
33.1,20,5:39,23,0,61.5,19,0,0
30.4,20,5:54,24,0,72.8,20,0,0
40,20,6:47,27,0,99.6,21,0,0
35,20,6:50,26,0,111.8,22,0,0
24.4,0,0,0,0,24.4,1,0,0
28.9,0,0,0,0,28.9,2,0,0
33.9,0,0,0,0,33.9,3,0,0
34.7,0,0,0,0,34.7,4,0,0
35.8,0,0,0,0.8,36.6,5,0,0
35.6,0,1.6,0,0,37.2,6,0,0
34.2,4,0,0,0,38.2,7,0,0
39.2,0,0,0,0,39.2,8,0,0
36.1,4,0,0,0,40.1,9,0,0
30.3,8,0,0,2.4,40.7,10,0,0
30.8,4,1.2,0,4.8,40.8,11,0,0
38.1,4,0,0,0,42.1,12,0,0
28.6,0,0,0,15.2,43.8,13,0,0
38.6,8,3.2,0,0,49.8,14,0,0
31.1,4,0,20,1.6,56.7,15,0,0
33.1,12,12.4,0,0,57.5,16,0,0
43.1,4,0,60,0,107.1,17,0,0
25,0,5:19,1,0,25,1,0,0
26.4,0,5:02,2,0,26.4,2,0,0
31.7,0,5:09,6,0,31.7,3,0,0
26.9,0,5:04,3,0,34.9,4,0,0
31.4,0,4:58,5,0,35.4,5,0,0
33.8,0,4:55,9,0,37.8,6,0,0
29.8,0,4:48,4,0,37.8,7,0,0
37.9,0,5:31,14,0,37.9,8,0,0
36.7,0,4:47,10,0,40.7,9,0,0
33.3,0,5:17,8,0,41.3,10,0,0
37.4,0,4:56,12,0.4,41.8,11,0,0
33.1,0,5:09,7,1.2,42.3,12,0,0
37.1,0,5:21,11,3.6,44.7,13,0,0
37.1,0,5:38,15,4.8,55.1,14,0,0
40.5,0,5:39,16,0,58.1,15,0,0
49.1,0,5:09,17,12.8,73.9,16,0,0
20,0,0,0,0,20,1,0,0
16.4,4,0,0,0,20.4,2,0,0
30,0,0,0,0,30,3,0,0
32.5,0,0,0,0,32.5,4,0,0
31.1,4,1.2,0,0,36.3,5,0,0
32.5,4,0,0,0,36.5,6,0,0
34.2,4,0,0,0,38.2,7,0,0
34.2,4,2.8,0,0,41,8,0,0
33.1,8,0,0,0,41.1,9,0,0
37.2,4,0,0,0,41.2,10,0,0
46.9,0,0,0,0,46.9,11,0,0
40.6,8,0,0,0,48.6,12,0,0
48.9,0,0,0,0,48.9,13,0,0
31.1,0,0,20,0,51.1,14,0,0
27.8,12,2,20,0,61.8,15,0,0
31.7,8,5.6,20,0,65.3,16,0,0
30.3,0,0,0,0,30.3,1,0,0
31.1,0,0,0,0,31.1,2,0,0
31.7,0,0,0,0,31.7,3,0,0
32.2,0,0,0,0,32.2,4,0,0
33.9,0,0,0,0,33.9,5,0,0
35.3,0,0,0,0,35.3,6,0,0
35.3,0,0,0,0,35.3,7,0,0
35,4,0,0,0,39,8,0,0
35.3,4,0,0,0,39.3,9,0,0
40,0,0,0,0,40,10,0,0
37.2,4,0,0,0,41.2,11,0,0
41.7,0,0,0,0,41.7,12,0,0
37.8,4,0,0,0,41.8,13,0,0
38.9,4,0,0,0,42.9,14,0,0
45,0,0,0,0,45,15,0,0
39.4,8,0,0,0,47.4,16,0,0
50.6,0,0,0,0,50.6,17,0,0
43.3,8,0.8,0,0,52.1,18,0,0
30.9,0,4:42,1,0,30.9,1,0,0
28.2,0,4:58,3,0,33.4,2,0,0
32.7,0,4:45,2,0.4,45.1,3,0,0
40.3,0,5:00,7,0,46.3,4,0,0
40.3,0,4:31,4,0,56.3,5,0,0
39.1,0,4:51,5,0,57.5,6,0,0
37.4,0,5:03,6,0,60.6,7,0,0
30.1,20,5:16,8,3.2,81.7,8,0,0
33.8,0,7:06,4,0,33.8,1,0,0
32.3,0,6:53,1,0,36.3,2,0,0
32.5,0,7:06,2,0,36.5,3,0,0
38.3,0,6:49,6,0.8,39.1,4,0,0
32.5,0,7:06,2,0,40.5,5,0,0
42.8,0,7:07,10,0,42.8,6,0,0
38.4,0,7:21,11,0,42.8,7,0,0
35.5,0,7:24,7,0,45.1,8,0,0
38.4,0,7:17,8,0,45.2,9,0,0
33.5,0,7:31,9,0,45.9,10,0,0
30.6,0,7:28,5,0.4,46.2,11,0,0
36.1,0,7:43,12,0,53.3,12,0,0
41.9,0,7:33,13,1.2,64.3,13,0,0
37.8,20,7:15,14,0,75.8,14,0,0
41.3,0,8:33,17,2,76.5,15,0,0
37.1,20,7:42,15,0,77.9,16,0,0
30.1,0,0,0,0,30.1,1,0,0
30.8,0,0.8,0,0.4,32,2,0,0
26.7,4,2,0,0,32.7,3,0,0
28.9,4,0,0,0,32.9,4,0,0
33.3,0,0,0,0,33.3,5,0,0
26.6,4,0.4,0,3.6,34.6,6,0,0
34.7,0,0,0,3.2,37.9,7,0,0
38.3,0,0,0,0,38.3,8,0,0
39.3,0,0.4,0,0,39.7,9,0,0
35.9,4,2,0,0,41.9,10,0,0
39.6,4,0.8,0,0,44.4,11,0,0
38.8,8,1.6,0,0,48.4,12,0,0
41.4,0,2.8,0,4.8,49,13,0,0
34.5,12,0.4,0,7.2,54.1,14,0,0
36.6,8,3.6,0,6.4,54.6,15,0,0
36.4,4,3.2,0,11.6,55.2,16,0,0
38,12,2,0,4.8,56.8,17,0,0
44.2,4,0,0,8.8,57,18,0,0
40.2,4,0,0,15.2,59.4,19,0,0
41.5,0,2.4,0,17.6,61.5,20,0,0
41.9,8,2.4,0,9.6,61.9,21,0,0
45,0,2.4,0,17.6,65,22,0,0
46.6,12,1.6,0,6.8,67,23,0,0
36.8,16,2.4,0,19.2,74.4,24,0,0
38.3,32,0,0,6.4,76.7,25,0,0
36.4,28,0.4,20,20.4,105.2,26,0,0
36,0,0,31,98,165,27,0,0
31.4,0,8:01,1,0,31.4,1,0,0
31.7,0,8:04,2,0,31.7,2,0,0
32.4,0,8:09,3,0,37.2,3,0,0
32,0,8:26,5,0,39.6,4,0,0
32.7,0,8:17,4,0,40.7,5,0,0
35.2,0,8:32,7,0,45.2,6,0,0
37.6,0,8:39,10,0,54.4,7,0,0
36.1,0,8:33,8,0.8,55.3,8,0,0
34.8,0,8:33,6,0,57.2,9,0,0
30.7,0,8:53,9,0.8,61.9,10,0,0
43.8,20,8:46,11,0.4,87.8,11,0,0
29.4,20,9:46,13,0,97,12,0,0
38.1,20,9:11,12,0,99.7,13,0,0
33.6,0,0,0,5.2,38.8,1,0,0
40.7,0,0,0,0,40.7,2,0,0
39.8,0,0,0,3.6,43.4,3,0,0
40.1,8,0,0,0,48.1,4,0,0
40.1,4,0,0,4,48.1,5,0,0
33.2,8,0,0,8.4,49.6,6,0,0
37.3,4,0,0,9.2,50.5,7,0,0
33.3,0,0,0,17.6,50.9,8,0,0
38.2,4,0,0,10,52.2,9,0,0
34.3,4,0,0,14.8,53.1,10,0,0
39.2,8,0,0,18.4,65.6,11,0,0
37.9,12,0,0,22,71.9,12,0,0
35.4,4,0,20,17.2,76.6,13,0,0
37,20,0,0,22.8,79.8,14,0,0
37.1,8,0,20,15.2,80.3,15,0,0
37.7,24,0,15,10.4,87.1,16,0,0
42.7,4,0,20,34,100.7,17,0,0
38.7,32,0.8,40,44.4,155.9,18,0,0
31.1,4,0,0,2,37.1,1,0,0
36.1,0,0,0,4,40.1,2,0,0
30.6,0,0,0,12.8,43.4,3,0,0
30.3,0,0,0,13.2,43.5,4,0,0
31.6,12,0,0,2.8,46.4,5,0,0
38.4,4,0,0,5.6,48,6,0,0
29.5,8,0,0,18.4,55.9,7,0,0
37.8,12,0,0,14.8,64.6,8,0,0
33.1,0,0,20,18,71.1,9,0,0
42.7,12,4.4,0,20,79.1,10,0,0
34.3,0,0,0,2.8,37.1,1,0,0
34.3,4,0,0,0,38.3,2,0,0
37.1,0,0,0,2.4,39.5,3,0,0
33.6,0,0,0,6.4,40,4,0,0
28.8,0,1.2,0,16.4,46.4,5,0,0
39.1,0,0,0,9.2,48.3,6,0,0
41.6,0,0,0,10,51.6,7,0,0
40.9,8,0,0,4.4,53.3,8,0,0
38.4,8,0,0,9.6,56,9,0,0
36.1,0,0,0,26.4,62.5,10,0,0
35,16,1.6,0,10,62.6,11,0,0
41.6,8,0.4,0,18,68,12,0,0
39.5,4,0,20,18,81.5,13,0,0
46.3,36,0,0,0,82.3,14,0,0
40,8,0,20,17.2,85.2,15,0,0
42,8,2.8,0,50,102.8,16,0,0
34.6,4,0,20,48,106.6,17,0,0
23.5,0,5:41,1,0,31.5,1,0,0
26.1,0,5:39,2,0,33.3,2,0,0
36.5,0,5:18,5,0,36.5,3,0,0
31.7,0,5:27,3,0,38.1,4,0,0
31.7,0,5:34,6,0.4,41.3,5,0,0
21.7,0,6:14,7,0,42.9,6,0,0
36.1,0,5:10,4,0,44.1,7,0,0
38,20,6:07,8,0,96.4,8,0,0
30,0,0,0,0,30,1,0,0
29.4,4,0,0,3.2,36.6,2,0,0
31.7,0,0,0,9.2,40.9,3,0,0
33.3,8,0,0,0,41.3,4,0,0
29.6,12,0,0,1.2,42.8,5,0,0
37,0,0,0,7.2,44.2,6,0,0
35.7,4,0,0,16.4,56.1,7,0,0
35.2,4,0,0,17.6,56.8,8,0,0
35.2,4,0,20,11.2,70.4,9,0,0
35.4,0,0,20,18.4,73.8,10,0,0
26.1,4,0,0,0,30.1,1,0,0
33.3,0,0,0,0,33.3,2,0,0
26.7,4,0,0,8,38.7,3,0,0
33.7,0,0,0,6.4,40.1,4,0,0
36.3,0,0,0,6.8,43.1,5,0,0
34.1,4,0,0,6,44.1,6,0,0
33.7,4,0,0,9.6,47.3,7,0,0
33,4,0,0,12.8,49.8,8,0,0
34.6,0,0,20,8.8,63.4,9,0,0
32.6,4,0,20,8,64.6,10,0,0
32,0,0,20,13.2,65.2,11,0,0
22.6,0,5:19,1,0,22.6,1,0,0
25,0,5:11,2,0,25,2,0,0
25.9,0,5:14,3,0,25.9,3,0,0
25.9,0,5:21,3,0,25.9,4,0,0
22.8,0,5:29,5,0,26,5,0,0
25.9,0,5:26,8,0,27.9,6,0,0
27,0,5:23,7,0.8,28.6,7,0,0
24.6,0,5:26,6,0,30.6,8,0,0
28.3,0,5:14,9,0,32.3,9,0,0
26.1,0,5:38,12,0,32.9,10,0,0
22.6,0,5:38,10,0,33.4,11,0,0
28.3,0,5:25,11,0,33.9,12,0,0
30.2,0,5:32,13,0,34.6,13,0,0
35,0,5:35,16,0,40.6,14,0,0
35.4,0,5:32,15,1.2,41,15,0,0
33,0,5:32,14,0,41.4,16,0,0
42.4,0,5:22,17,0,46.8,17,0,0
34.6,0,5:52,19,0,51,18,0,0
33.9,0,6:05,21,0,51.5,19,0,0
31.7,0,6:15,22,0,53.3,20,0,0
31.5,0,5:50,18,0,55.1,21,0,0
26.5,20,5:51,26,0,58.5,22,0,0
23.5,20,5:53,23,0,60.3,23,0,0
32.6,0,6:22,24,0,61,24,0,0
36.7,0,5:54,20,0,61.9,25,0,0
38.3,0,6:11,25,0,70.3,26,0,0
38.9,0,5:07,3,0.8,43.7,1,0,0
37.6,0,5:18,1,2.4,44,2,0,0
27.4,0,6:03,4,1.2,45.4,3,0,0
26.1,0,5:51,2,0,46.1,4,0,0
38.7,0,5:43,5,0,55.5,5,0,0
37.4,0,6:19,6,1.6,70.2,6,0,0
33.7,0,7:05,7,0,79.3,7,0,0
23.2,0,0,0,0.4,23.6,1,0,0
32.3,0,0,0,0,32.3,2,0,0
33.2,0,0,0,0,33.2,3,0,0
34.3,0,0,0,0.4,34.7,4,0,0
31.8,4,0,0,0,35.8,5,0,0
34.6,4,0,0,0.8,39.4,6,0,0
28.2,4,0,0,7.2,39.4,7,0,0
36.4,4,0,0,0,40.4,8,0,0
33,0,0,0,9.2,42.2,9,0,0
33.9,12,0,0,0,45.9,10,0,0
41.1,0,0.4,0,5.6,47.1,11,0,0
36.6,16,0,0,0,52.6,12,0,0
28.6,12,8.8,0,4.8,54.2,13,0,0
32.1,8,0,60,19.2,119.3,14,0,0
31.8,0,0,0,0,31.8,1,0,0
33,0,0,0,0,33,2,0,0
29.8,0,0,0,3.6,33.4,3,0,0
33.9,0,0,0,0,33.9,4,0,0
31.4,0,0,0,8,39.4,5,0,0
38.4,0,0,0,2.8,41.2,6,0,0
33.4,0,0,0,8.4,41.8,7,0,0
30.2,4,0.4,0,10.4,45,8,0,0
37.5,4,0,0,3.6,45.1,9,0,0
29.3,0,0,0,17.2,46.5,10,0,0
39.6,4,0,0,3.6,47.2,11,0,0
45.9,4,0,0,0,49.9,12,0,0
35.2,12,0,0,7.2,54.4,13,0,0
34.3,0,0,20,18.8,73.1,14,0,0
38.2,0,3.2,20,12.4,73.8,15,0,0
35,8,4,40,38,125,16,0,0
37.5,4,0,60,42.8,144.3,17,0,0
28.9,0,0,0,0,28.9,1,0,0
31.6,0,0,0,0,31.6,2,0,0
30.7,0,0,0,1.6,32.3,3,0,0
31.8,0,0,0,1.2,33,4,0,0
29.8,0,0,0,4.8,34.6,5,0,0
36.4,0,0,0,0,36.4,6,0,0
39.8,0,0,0,0.4,40.2,7,0,0
39.3,4,0,0,0,43.3,8,0,0
33.2,0,0,0,10.4,43.6,9,0,0
33.4,4,0,0,7.2,44.6,10,0,0
34.3,0,0,0,12,46.3,11,0,0
34.3,4,0,0,9.2,47.5,12,0,0
33,4,0,0,11.2,48.2,13,0,0
40.5,8,0,0,0,48.5,14,0,0
41.1,8,0,0,0,49.1,15,0,0
28.6,4,1.6,0,19.2,53.4,16,0,0
41.4,0,2.4,0,10.8,54.6,17,0,0
33.9,0,0,20,15.2,69.1,18,0,0
37.1,8,4.4,20,28,97.5,19,0,0
33.9,4,0,40,23.6,101.5,20,0,0
33.4,0,0,0,0,33.4,1,0,0
35,0,0,0,0.4,35.4,2,0,0
37.1,0,0,0,0.8,37.9,3,0,0
38.2,0,0,0,0,38.2,4,0,0
37.7,0,0,0,1.2,38.9,5,0,0
38,0,0,0,1.2,39.2,6,0,0
41.1,0,0,0,0,41.1,7,0,0
36.1,0,0,0,5.2,41.3,8,0,0
43.2,0,0,0,0,43.2,9,0,0
32.3,4,0,0,7.2,43.5,10,0,0
36.6,4,0,0,6.8,47.4,11,0,0
34.8,0,0,0,17.2,52,12,0,0
44.1,4,0,0,4.4,52.5,13,0,0
34.8,4,0,0,18.8,57.6,14,0,0
43,8,0,0,14,65,15,0,0
40.2,0,0,20,9.6,69.8,16,0,0
36.4,0,0,20,18.4,74.8,17,0,0
48.2,12,0,0,17.2,77.4,18,0,0
40.9,4,0,20,19.2,84.1,19,0,0
31.2,0,4:39,1,0,31.2,1,0,0
28.6,0,5:07,2,0,31.4,2,0,0
32.9,0,4:55,5,0,32.9,3,0,0
33.3,0,4:45,6,0,33.3,4,0,0
34.8,0,4:44,8,0,34.8,5,0,0
35.2,0,4:58,9,0,35.2,6,0,0
35.2,0,4:54,9,0,35.2,7,0,0
36.2,0,4:42,12,0,36.2,8,0,0
32.4,0,4:44,3,0,36.4,9,0,0
35.7,0,5:02,13,0,36.5,10,0,0
34.8,0,5:05,15,0,36.8,11,0,0
37.6,0,4:29,16,0,37.6,12,0,0
35.2,0,4:41,9,0,39.2,13,0,0
40,0,4:33,19,0,40,14,0,0
32.4,0,4:29,3,0,40.4,15,0,0
37.6,0,4:52,16,0,41.6,16,0,0
38.6,0,4:50,18,0,42.6,17,0,0
44.1,0,4:35,22,0,44.1,18,0,0
33.6,0,4:52,7,0,45.6,19,0,0
40.2,0,5:05,20,0,46.2,20,0,0
43.3,0,4:44,21,0,47.3,21,0,0
35,0,5:25,23,0,49,22,0,0
31.2,20,4:45,24,0,51.2,23,0,0
36.4,0,5:41,25,0,52.8,24,0,0
35,20,5:02,26,0,55.8,25,0,0
36.7,0,4:55,14,25.2,73.9,26,0,0
23.6,0,4:33,1,0,23.6,1,0,0
29.8,0,4:58,2,0,29.8,2,0,0
29.8,0,4:57,2,0,29.8,3,0,0
30.2,0,4:46,4,0,30.2,4,0,0
31.2,0,4:49,5,0,31.2,5,0,0
32.6,0,4:40,6,0,32.6,6,0,0
32.9,0,4:29,7,0,32.9,7,0,0
33.3,0,4:39,8,0,33.3,8,0,0
34.1,0,4:31,9,0,34.1,9,0,0
37.6,0,4:59,10,0,37.6,10,0,0
43.3,0,4:44,11,0,43.3,11,0,0
48.6,20,4:47,12,0,68.6,12,0,0
28.1,0,4:55,1,0,28.1,1,0,0
28.8,0,4:45,3,0.8,29.6,2,0,0
32.1,0,4:32,6,0,32.1,3,0,0
32.6,0,4:50,7,0,32.6,4,0,0
28.6,0,4:41,2,0,32.6,5,0,0
33.3,0,4:43,9,0,33.3,6,0,0
30.7,0,4:39,4,0,34.7,7,0,0
36,0,4:51,11,0,36,8,0,0
32.6,0,4:28,7,0,36.6,9,0,0
35,0,5:00,10,0,39,10,0,0
37.4,0,4:43,12,0,41.4,11,0,0
31.9,0,4:27,5,1.6,41.5,12,0,0
37.4,0,5:25,15,0,47.4,13,0,0
40.5,0,4:49,13,0,56.5,14,0,0
37.9,20,4:45,18,0,61.9,15,0,0
31.4,20,4:52,16,5.6,77,16,0,0
28.1,0,4:45,1,0,28.1,1,0,0
30.2,0,4:44,3,0,30.2,2,0,0
31,0,4:39,4,0,31,3,0,0
31.2,0,4:45,5,0,31.2,4,0,0
31.4,0,4:59,6,0,31.4,5,0,0
31.4,0,4:46,6,0,31.4,6,0,0
31.7,0,4:50,8,0,31.7,7,0,0
32.6,0,4:41,10,0,32.6,8,0,0
31,0,5:02,9,0.8,32.6,9,0,0
29.5,0,4:37,2,0,33.5,10,0,0
35,0,4:42,13,0,35,11,0,0
35.5,0,4:46,15,0,35.5,12,0,0
36.7,0,5:00,17,0,36.7,13,0,0
36.9,0,4:31,18,0,36.9,14,0,0
33.3,0,4:58,11,0,37.3,15,0,0
38.1,0,4:30,19,0,38.1,16,0,0
33.8,0,5:01,12,0,38.2,17,0,0
38.8,0,4:30,20,0,38.8,18,0,0
35,0,4:36,13,0,39,19,0,0
34.8,0,4:24,16,0,40,20,0,0
37.9,0,5:08,22,0,41.1,21,0,0
39.1,0,5:08,23,0,42.3,22,0,0
40.7,0,4:52,21,0,44.7,23,0,0
36.2,20,5:06,24,0,58.6,24,0,0
39.1,20,4:51,25,0,59.1,25,0,0
43.3,0,6:56,26,0,89.7,26,0,0
33.8,0,4:21,1,0,37.8,1,0,0
39.3,0,4:27,4,1.2,40.5,2,0,0
42.3,0,4:21,5,2,48.3,3,0,0
35.5,0,4:51,3,2,48.7,4,0,0
38,0,4:33,2,4,50,5,0,0
36.8,20,4:52,6,0,68.4,6,0,0
42.3,20,4:52,8,0,69.9,7,0,0
42.8,20,4:15,7,1.6,72.4,8,0,0
40.5,20,4:57,9,1.2,83.3,9,0,0
27.8,0,3:58,1,0,27.8,1,0,0
29.3,0,4:33,2,0,33.3,2,0,0
33.5,0,4:10,4,0,33.5,3,0,0
34,0,4:04,5,0,34,4,0,0
30.8,0,4:38,3,0,34.8,5,0,0
37.8,0,4:25,7,0,37.8,6,0,0
35.3,0,4:51,8,0.4,38.9,7,0,0
34.3,0,4:45,6,0,39.1,8,0,0
40,0,4:19,9,0,40,9,0,0
40.5,0,4:30,10,2.4,42.9,10,0,0
37.8,20,4:50,12,0,72.6,11,0,0
31,0,4:18,2,0,31,1,0,0
32,0,4:32,3,0,32,2,0,0
32.8,0,4:24,4,0,36.8,3,0,0
38.8,0,3:57,7,0,38.8,4,0,0
37.8,0,4:08,6,0,41.8,5,0,0
32.8,0,4:49,5,1.6,44.8,6,0,0
29.5,0,4:33,1,8.4,45.9,7,0,0
36.3,0,5:03,8,10,58.3,8,0,0
37,20,4:33,9,5.6,66.6,9,0,0
48,60,6:28,11,1.6,155.6,10,0,0
21.5,0,4:30,1,0,21.5,1,0,0
23.5,0,4:11,3,0,23.5,2,0,0
23.3,0,4:26,2,0.8,28.1,3,0,0
30.5,0,4:18,4,0,30.5,4,0,0
30.5,0,4:16,4,0,30.5,5,0,0
32,0,4:27,7,0,32,6,0,0
31,0,4:26,6,4.4,43.4,7,0,0
43.5,0,4:37,9,0.4,43.9,8,0,0
35.8,0,5:04,10,0,44.2,9,0,0
39.5,0,4:58,11,0,45.5,10,0,0
48.5,20,4:51,12,0,79.7,11,0,0
39.5,40,5:36,13,8.8,121.5,12,0,0
23.3,4,0,0,0,27.3,1,0,0
29.3,0,0,0,0.4,29.7,2,0,0
29.8,0,0,0,0,29.8,3,0,0
31.3,0,0,0,0,31.3,4,0,0
31.5,0,0,0,0,31.5,5,0,0
32,0,0,0,0,32,6,0,0
30.5,4,0,0,0,34.5,7,0,0
31,4,0,0,0,35,8,0,0
33.3,4,0,0,0,37.3,9,0,0
37.8,0,0,0,0,37.8,10,0,0
38,0,0,0,0,38,11,0,0
42.3,0,0,0,0,42.3,12,0,0
39,0,0,0,4.4,43.4,13,0,0
33.5,0,0,20,2,55.5,14,0,0
35.3,0,0,40,0,75.3,15,0,0
27.1,0,6:21,1,0,27.5,1,0,0
28.5,0,6:36,3,0,34.9,2,0,0
33.1,0,6:13,2,0,37.1,3,0,0
31,0,6:45,4,0,41,4,0,0
29.7,0,6:51,5,0,42.1,5,0,0
37.9,0,6:37,6,0,56.7,6,0,0
34.3,20,6:43,8,0,63.5,7,0,0
34.3,0,7:20,7,0.4,66.7,8,0,0
29.8,0,5:59,1,0,29.8,1,0,0
31.3,0,6:01,2,0,35.7,2,0,0
30.7,0,6:13,3,0,35.9,3,0,0
37.2,0,6:01,5,0,37.6,4,0,0
36.1,0,6:08,6,0,39.3,5,0,0
31.1,0,6:12,3,0,39.9,6,0,0
32.4,0,6:28,8,0,43.6,7,0,0
30.9,0,6:21,6,0,47.3,8,0,0
34.1,0,6:42,9,0,50.9,9,0,0
34.8,20,6:57,10,0,77.6,10,0,0
27.4,0,6:07,2,0,30.2,1,0,0
25.4,0,6:13,4,0.4,31,2,0,0
31.1,0,6:03,5,0,32.3,3,0,0
29.1,0,5:44,1,0,33.1,4,0,0
28,0,6:06,3,0,34.4,5,0,0
34.6,20,6:35,6,0,68.6,6,0,0
32.4,0,4:37,2,0,32.4,1,0,0
33.3,0,5:00,4,0,33.3,2,0,0
24.1,0,4:57,1,0,36.1,3,0,0
32.9,0,4:36,3,0,36.9,4,0,0
38.1,0,5:00,5,0,38.1,5,0,0
38.3,20,5:09,6,0,58.7,6,0,0
22.4,0,5:18,1,0,22.4,1,0,0
25.7,0,5:38,3,0,28.9,2,0,0
32.2,0,5:22,8,0,32.2,3,0,0
28.5,0,4:59,2,0,32.5,4,0,0
30.7,0,5:28,4,0,38.7,5,0,0
30.9,0,5:35,9,0,40.9,8,0,0
31.1,0,5:08,5,0,43.1,9,0,0
31.5,0,6:19,10,0,51.1,10,0,0
24.6,40,6:35,11,0,94.6,11,0,0
25.9,0,5:19,1,0,29.9,1,0,0
32.4,0,5:22,4,0,32.4,2,0,0
33,0,5:05,5,0,33,3,0,0
33.9,0,5:25,7,0,33.9,4,0,0
32,0,5:13,3,0,36,5,0,0
33.5,0,5:15,6,0,37.5,6,0,0
29.1,0,5:56,8,0,39.5,7,0,0
31.3,0,6:09,9,0,46.9,8,0,0
33.9,0,6:04,10,0,47.5,9,0,0
31.7,20,5:45,11,0,65.7,10,0,0
33.5,20,6:23,12,0,78.7,11,0,0
28.3,0,4:46,1,0,28.3,1,0,0
32.4,0,4:40,2,0,32.4,2,0,0
32.6,0,5:03,3,0,32.6,3,0,0
33.3,0,4:38,5,0,33.3,4,0,0
35.7,0,4:48,8,0,35.7,5,0,0
33.1,0,4:41,4,0,37.1,6,0,0
38.8,0,4:40,9,0,38.8,7,0,0
32.4,0,5:16,7,0,39.6,8,0,0
35.5,0,4:42,6,0,43.5,9,0,0
33.8,20,5:04,10,0,53.8,10,0,0
32.4,0,4:55,2,0,32.4,1,0,0
32.4,0,4:50,2,0,32.4,2,0,0
32.4,0,4:45,2,0,32.4,3,0,0
33.8,0,4:47,5,0,33.8,4,0,0
28.3,0,4:46,1,0,36.3,5,0,0
33.6,0,5:15,8,0,36.4,6,0,0
36.9,0,4:52,9,0,36.9,7,0,0
36,0,4:42,6,0,40,8,0,0
38.3,0,5:01,11,0,42.3,9,0,0
34.3,0,5:29,12,0,42.7,10,0,0
36,0,4:53,6,0,44,11,0,0
37.1,0,5:08,10,0,45.1,12,0,0
37.9,20,4:54,13,0,61.9,13,0,0
31.4,0,5:06,1,0,31.4,1,0,0
32.6,0,4:48,2,0,32.6,2,0,0
34.1,0,4:50,3,0,34.1,3,0,0
41.4,0,5:07,4,0,41.4,4,0,0
46.9,0,4:48,5,0.4,59.3,5,0,0
37.4,20,5:18,7,0,61.4,6,0,0
37.1,20,5:05,6,0,69.1,7,0,0
41.7,20,6:02,8,4.4,91.7,8,0,0
36.2,20,6:44,9,0,98.6,9,0,0
35.5,60,5:05,10,0,107.5,10,0,0
28.8,0,0,0,0,28.8,1,0,0
30,0,0,0,1.6,31.6,2,0,0
32.1,0,0,0,0,32.1,3,0,0
32.9,0,0,0,0,32.9,4,0,0
33.3,0,0,0,0,33.3,5,0,0
34.1,0,0,0,0,34.1,6,0,0
38.1,0,0,0,0,38.1,7,0,0
41.7,0,0,20,0,61.7,8,0,0
34.1,0,0,80,0,114.1,9,0,0
34.1,0,0,0,0,34.1,1,0,0
35.5,0,0,0,7.6,43.1,2,0,0
41.9,0,0,0,2.4,44.3,3,0,0
37.6,4,0,0,3.2,44.8,4,0,0
31.7,4,0,0,10,45.7,5,0,0
36.9,4,8,0,0,48.9,6,0,0
31.4,0,0,20,0,51.4,7,0,0
36.7,0,0,20,1.6,58.3,8,0,0
38.8,0,0,20,0,58.8,9,0,0
34.1,0,0,20,10.4,64.5,10,0,0
34.5,0,0,20,11.2,65.7,11,0,0
35.2,0,0,20,13.6,68.8,12,0,0
46.9,4,0,20,0,70.9,13,0,0
27.6,4,0,0,0,31.6,1,0,0
32.4,0,0,0,0,32.4,2,0,0
29.3,4,0,0,0,33.3,3,0,0
29.8,4,0,0,0.4,34.2,4,0,0
30.7,0,4.8,0,0,35.5,5,0,0
36.2,4,0,0,0,40.2,6,0,0
31.2,4,6,0,0.8,42,7,0,0
34.1,8,0,0,0,42.1,8,0,0
47.9,0,0,0,0,47.9,9,0,0
33.6,8,6,0,4.4,52,10,0,0
32.4,0,0,20,0,52.4,11,0,0
34.5,12,1.2,0,4.8,52.5,12,0,0
33.1,0,0,0,0,33.1,1,0,0
32.9,0,0.4,0,0,33.3,2,0,0
31.2,4,0,0,0,35.2,3,0,0
39.3,0,0,0,2.8,42.1,4,0,0
35,4,3.6,0,0,42.6,5,0,0
34.1,0,0.4,0,10,44.5,6,0,0
35.7,12,0,0,1.2,48.9,7,0,0
45.2,8,0,20,0,73.2,8,0,0
26.1,0,4:26,1,0,26.1,1,0,0
28.9,0,4:41,2,0,28.9,2,0,0
31.1,0,4:44,3,0,31.1,3,0,0
31.1,0,4:26,3,0,31.1,4,0,0
35,0,4:27,5,0,35,5,0,0
37.8,0,4:16,8,0,37.8,6,0,0
37.2,0,4:23,6,1.2,38.4,7,0,0
37.2,0,4:54,6,0,41.2,8,0,0
39.2,0,4:13,9,0,43.2,9,0,0
31.7,0,3:31,10,0,46.9,10,0,0
33.3,20,5:07,11,0,57.3,11,0,0
30.6,20,3:41,12,0,61.8,12,0,0
33.3,0,4:37,2,0,33.3,1,0,0
29.4,0,4:22,1,0,33.4,2,0,0
39.4,0,4:50,5,0,39.4,3,0,0
39.4,0,4:27,5,0,39.4,4,0,0
40,0,4:32,7,0,40,5,0,0
36.9,0,4:18,4,0,40.9,6,0,0
35.8,0,4:14,3,0,43.8,7,0,0
36.1,20,4:22,8,0,60.1,8,0,0
31.7,0,4:27,1,0,31.7,1,0,0
35.3,0,4:30,2,0,35.3,2,0,0
36.1,0,4:47,3,0,36.1,3,0,0
36.9,0,3:52,4,0,47.7,4,0,0
40.6,40,4:40,5,1.6,90.2,5,0,0
43.1,40,4:23,6,0,91.1,6,0,0
25,0,0,0,0,25,1,0,0
30.2,0,0,0,0,30.2,2,0,0
30.2,0,0,0,0,30.2,3,0,0
33.7,8,0,0,1.2,42.9,4,0,0
26.3,4,0,20,0,50.3,5,0,0
32.2,4,0,20,9.2,65.4,6,0,0
29.4,16,4.8,20,0,70.2,7,0,0
29.8,0,0,0,0,29.8,1,0,0
31.1,0,0,0,1.2,32.3,2,0,0
27,8,0,0,0,35,3,0,0
27.8,0,0,0,7.6,35.4,4,0,0
28.5,4,0,0,8.4,40.9,5,0,0
32,0,0,0,9.6,41.6,6,0,0
33.7,0,0,0,16.8,50.5,7,0,0
33.7,4,0,0,14.4,52.1,8,0,0
33.7,8,0,0,13.2,54.9,9,0,0
31.1,4,0,20,0,55.1,10,0,0
33.5,8,0,0,17.6,59.1,11,0,0
34.8,8,0,0,18.8,61.6,12,0,0
35.7,0,0,20,22,77.7,13,0,0
36.7,0,0,20,28.8,85.5,14,0,0
44.4,12,0.4,0,36.4,93.2,15,0,0
35.4,0,0,0,22.4,57.8,1,0,0
38.9,20,3.2,20,8.8,90.9,2,0,0
39.4,12,0,20,31.6,103,3,0,0
25.2,0,0,0,0.4,25.6,1,0,0
26.4,0,0,0,0,26.4,2,0,0
28.1,0,0,0,0,28.1,3,0,0
29.5,0,0,0,0,29.5,4,0,0
29.8,0,0,0,0,29.8,5,0,0
30,0,0,0,0,30,6,0,0
31,0,0,0,0,31,7,0,0
32.1,0,0,0,0,32.1,8,0,0
31.4,0,0,0,0.8,32.2,9,0,0
30.2,4,0,0,0,34.2,10,0,0
26.4,8,0,0,0.4,34.8,11,0,0
34.3,4,0,0,1.2,39.5,12,0,0
27.4,0,0,20,0,47.4,13,0,0
25.2,4,0,20,4,53.2,14,0,0
33.6,12,0,0,8.4,54,15,0,0
32.9,4,0,0,0,36.9,1,0,0
38.8,0,0,0,0,38.8,2,0,0
35,4,0,0,0,39,3,0,0
35.5,4,0,0,0,39.5,4,0,0
33.1,4,0,0,3.2,40.3,5,0,0
36.7,4,0,0,0,40.7,6,0,0
34.1,0,0,0,12.8,46.9,7,0,0
44.3,8,0,0,0,52.3,8,0,0
39.1,0,0,20,5.2,64.3,9,0,0
35.2,4,0,20,7.2,66.4,10,0,0
27.4,0,0,0,0,27.4,1,0,0
37.4,4,0,0,0,41.4,2,0,0
32.6,12,0,0,0,44.6,3,0,0
31.7,0,0.8,20,4.4,56.9,4,0,0
34.5,12,0,20,14.4,80.9,5,0,0
29.7,0,0,0,0,29.7,1,0,0
34.2,0,0,0,0,34.2,2,0,0
36.4,8,0,0,1.6,46,3,0,0
32.2,8,0,60,20,120.2,4,0,0
23.9,4,0,0,0,27.9,1,0,0
27.8,0,0,0,0.8,28.6,2,0,0
31.3,0,0,0,0,31.3,3,0,0
28.3,4,0,0,0,32.3,4,0,0
34.1,0,0,0,0.4,34.5,5,0,0
31.5,4,0,0,0,35.5,6,0,0
28,8,0,0,1.6,37.6,7,0,0
29.1,8,1.2,0,3.6,41.9,8,0,0
28.9,16,0,0,0,44.9,9,0,0
26.1,4,0,0,14.8,44.9,10,0,0
39.1,0,0,0,6.4,45.5,11,0,0
34.1,12,0,0,0,46.1,12,0,0
28.5,4,0,0,15.6,48.1,13,0,0
37.2,0,0,0,14.8,52,14,0,0
26.3,0,0,60,2,88.3,15,0,0
35.2,4,1.2,0,0,40.4,1,0,0
36.4,4,0,0,0,40.4,2,0,0
33,8,0,0,0,41,3,0,0
34.1,8,0,0,0,42.1,4,0,0
34.1,0,0,0,23.2,57.3,5,0,0
33.4,0,0,0,0,33.4,1,0,0
31.6,4,0,0,0,35.6,2,0,0
33.6,4,0,0,0,37.6,3,0,0
36.6,4,0,0,0,40.6,4,0,0
43,0,0,0,0,43,5,0,0
33,8,2,0,5.6,48.6,6,0,0
37.5,12,0,0,0,49.5,7,0,0
23.9,4,0,0,0,27.9,1,0,0
28.4,0,0,0,0,28.4,2,0,0
32.1,0,1.2,0,0,33.3,3,0,0
33.4,0,0,0,0,33.4,4,0,0
34.3,0,0,0,0,34.3,5,0,0
37.1,0,0,0,0,37.1,6,0,0
33.2,4,0,0,0,37.2,7,0,0
32.1,12,0,0,0,44.1,8,0,0
37.5,4,0,0,6,47.5,9,0,0
35.5,4,0.4,20,7.6,67.5,10,0,0
37.1,0,0,0,0,37.1,1,0,0
32.5,12,0,0,0,44.5,2,0,0
39.1,8,0,0,0.8,47.9,3,0,0
41.6,8,0,0,0,49.6,4,0,0
42.1,4,0,20,2.4,68.5,5,0,0
26.4,0,0,0,0,26.4,1,0,0
34.1,0,0,0,0,34.1,2,0,0
34.1,0,0,0,0,34.1,3,0,0
35.7,0,0,0,0,35.7,4,0,0
31.9,4,0,0,0,35.9,5,0,0
37.1,0,0,0,0,37.1,6,0,0
36.2,0,0,0,2,38.2,7,0,0
38.8,0,0,0,0,38.8,8,0,0
36.9,8,0,0,0,44.9,9,0,0
46.2,4,0,0,0,50.2,10,0,0
35,0,0,20,1.6,56.6,11,0,0
33.1,4,6,20,0,63.1,12,0,0
32.9,0,0,0,0,32.9,1,0,0
35.5,0,0,0,0,35.5,2,0,0
28.6,4,0,0,3.6,36.2,3,0,0
34.3,4,0,0,0,38.3,4,0,0
31.7,8,0,0,0,39.7,5,0,0
35,4,0,0,1.2,40.2,6,0,0
41.9,0,0,0,0,41.9,7,0,0
44.8,0,0,0,0,44.8,8,0,0
41.7,4,0,0,8.8,54.5,9,0,0
27.4,0,0,0,0,27.4,1,0,0
32.1,0,0,0,0,32.1,2,0,0
33.3,0,0,0,0,33.3,3,0,0
32.6,4,0,0,0,36.6,4,0,0
32.9,4,0,0,0,36.9,5,0,0
34.5,4,0,0,0,38.5,6,0,0
41.2,0,0,0,0,41.2,7,0,0
36.4,4,3.2,0,4,47.6,8,0,0
38.6,16,0,0,7.6,62.2,9,0,0
33.3,0,0,60,14.8,108.1,10,0,0
26,0,0,0,0,26,1,0,0
26.7,0,0,0,0,26.7,2,0,0
29.1,0,0,0,0,29.1,3,0,0
26.9,4,0,0,0,30.9,4,0,0
31.7,0,0,0,0,31.7,5,0,0
32.1,0,0,0,0,32.1,6,0,0
27.9,8,0,0,0,35.9,7,0,0
31.9,4,0,0,0,35.9,8,0,0
32.1,4,0,0,0,36.1,9,0,0
38.6,0,0,0,0,38.6,10,0,0
35.7,4,0,0,0,39.7,11,0,0
34.8,4,0,0,3.2,42,12,0,0
33.8,12,0,0,0,45.8,13,0,0
32.6,0,0,20,4.8,57.4,14,0,0
36.2,8,0,20,27.6,91.8,15,0,0
31.2,4,0,0,0,35.2,1,0,0
31.4,4,0,0,0,35.4,2,0,0
33.3,4,0,0,0,37.3,3,0,0
33.3,4,0,0,0,37.3,4,0,0
37.6,0,0,0,0,37.6,5,0,0
38.1,0,0,0,0,38.1,6,0,0
37.9,0,0.8,0,0,38.7,7,0,0
38.1,4,0,0,0,42.1,8,0,0
20.5,0,0,0,0,20.5,1,0,0
44.1,0,0,0,0,44.1,2,0,0
41.2,4,0,0,0,45.2,3,0,0
45.5,0,0,0,0,45.5,4,0,0
42.4,0,0,0,4,46.4,5,0,0
41.4,8,0,0,0,49.4,6,0,0
41.2,8,0,0,3.6,52.8,7,0,0
42.6,24,7.2,0,0,73.8,8,0,0
37.1,8,2.4,20,7.2,74.7,9,0,0
29.3,4,0,60,26.4,119.7,10,0,0
34,0,4:57,2,0,34,1,0,0
36,0,5:35,3,0,36,2,0,0
33.5,0,5:04,1,0,37.5,3,0,0
37.3,0,4:39,4,0,43.3,4,0,0
35.5,0,4:16,5,0,50.7,5,0,0
36.8,20,4:41,6,0,62,6,0,0
35.3,20,4:12,7,0,76.1,7,0,0
34.3,60,4:40,8,0,99.9,8,0,0
31.5,0,4:55,1,0,35.5,1,0,0
38,0,5:43,2,0,38,2,0,0
37.8,0,6:24,3,0,53.8,3,0,0
40.5,0,6:26,4,0,57.3,4,0,0
34,40,5:44,5,0,78,5,0,0
29.8,60,5:17,6,0.8,94.6,6,0,0
34.3,20,8:13,7,2.8,116.7,7,0,0
27.8,0,5:05,1,0,27.8,1,0,0
32.8,0,4:59,3,0,32.8,2,0,0
33.8,0,5:04,4,0,33.8,3,0,0
35,0,5:09,5,0,35,4,0,0
30.5,0,5:37,6,0,37.3,5,0,0
34.8,0,5:28,7,0,38,6,0,0
31,0,5:02,2,0,39,7,0,0
43.8,0,5:12,10,0,47.8,8,0,0
40,0,4:55,8,7.2,55.2,9,0,0
27,20,5:22,11,4.8,56.6,10,0,0
41.8,0,5:45,12,0,59.8,11,0,0
51.3,0,6:13,13,0,76.5,12,0,0
32.3,0,7:41,14,0,92.7,13,0,0
25,0,5:08,1,0,25,1,0,0
33.8,0,5:09,5,0,33.8,2,0,0
34,0,5:01,6,0,34,3,0,0
32,0,4:22,6,0,34,4,0,0
34.3,0,5:13,8,0,34.3,5,0,0
30.5,0,4:58,2,0,34.5,6,0,0
32,0,4:37,3,0,36,7,0,0
32.3,0,5:17,4,0,36.3,8,0,0
35.3,0,5:24,11,0,36.9,9,0,0
35.3,0,4:52,9,0,39.3,10,0,0
36.3,0,4:56,10,0,40.3,11,0,0
34.8,0,5:40,13,0,46.8,12,0,0
37,0,5:06,12,0,49,13,0,0
36,20,5:10,14,0,56,14,0,0
34.3,0,6:44,15,0,67.9,15,0,0
28.8,0,5:07,1,0.8,29.6,1,0,0
33.5,0,4:41,3,0.4,33.9,2,0,0
35.8,0,4:53,4,0,35.8,3,0,0
36.5,0,4:27,5,0,36.5,4,0,0
35.3,0,4:23,6,0,36.9,5,0,0
31.3,0,5:10,2,0,39.3,6,0,0
42.8,0,5:11,7,0,42.8,7,0,0
39.5,40,6:41,9,0,111.9,8,0,0
24.5,0,4:51,1,0,24.5,1,0,0
28.8,0,4:48,3,0,28.8,2,0,0
26.8,0,4:53,2,0,30.8,3,0,0
28.8,0,5:18,3,0,32.8,4,0,0
40,0,5:17,7,0,40,5,0,0
36,0,4:40,5,0,44,6,0,0
37.8,0,5:09,6,5.6,47.4,7,0,0
42.5,20,5:23,8,0,63.7,8,0,0
32.8,60,6:02,9,0,109.6,9,0,0
37.8,80,7:47,10,13.2,201.8,10,0,0
27.3,0,5:02,1,0,31.3,1,0,0
33.3,0,5:08,3,3.2,36.5,2,0,0
31.8,0,5:41,2,0.8,36.6,3,0,0
41,0,4:52,4,0,41.8,4,0,0
34.5,0,6:10,5,4,52.9,5,0,0
33.8,20,5:28,7,0,53.8,6,0,0
32.5,20,5:28,6,0,56.5,7,0,0
34.5,0,4:51,1,0,35.7,1,0,0
38,0,5:00,2,0,38,2,0,0
37.3,0,5:47,3,0,38.5,3,0,0
34.5,0,5:59,4,0,40.5,4,0,0
33.8,0,4:33,5,0,42.2,5,0,0
30.5,20,5:18,6,7.2,61.7,6,0,0
48,0,6:08,7,0,65.6,7,0,0
27.5,0,4:56,1,0,27.5,1,0,0
35.8,0,5:17,7,0,35.8,2,0,0
32.3,0,4:46,2,0,36.3,3,0,0
33.5,0,4:49,3,0,37.5,4,0,0
33.8,0,4:45,4,0,37.8,5,0,0
31.8,0,5:36,8,0,38.2,6,0,0
35.3,0,4:44,5,0,39.3,7,0,0
41.3,0,5:17,10,0,41.3,8,0,0
42,0,4:43,11,0,42,9,0,0
44.5,0,5:18,12,0,44.5,10,0,0
35.5,0,4:16,9,0,47.9,11,0,0
34.8,40,6:25,13,0,100.8,12,0,0
30.7,0,0,0,2.8,33.5,1,0,0
33,0,0,0,2,35,2,0,0
30.2,0,0,0,11.2,41.4,3,0,0
31.5,12,0,0,0,43.5,4,0,0
36.1,4,0,0,9.2,49.3,5,0,0
28.9,20,0,0,5.6,54.5,6,0,0
32.6,0,0,20,22.8,75.4,7,0,0
27.8,0,0,0,4,31.8,1,0,0
32.2,0,0,0,0,32.2,2,0,0
33.7,0,0,0,0,33.7,3,0,0
29.6,4,1.2,0,4.4,39.2,4,0,0
30.4,0,0,0,0,30.4,1,0,0
28.9,8,0,0,0,36.9,2,0,0
30,4,0,0,5.2,39.2,3,0,0
37.6,0,0,0,3.6,41.2,4,0,0
33.5,0,0.4,0,10.4,44.3,5,0,0
35.2,4,0,0,6.4,45.6,6,0,0
29.8,0,0,0,18,47.8,7,0,0
32.6,12,0,0,4,48.6,8,0,0
27.3,0,0,0,0,27.3,1,0,0
28.4,0,0,0,0,28.4,2,0,0
32.1,0,0,0,0,32.1,3,0,0
32.7,0,0,0,0,32.7,4,0,0
24.8,8,0,0,0,32.8,5,0,0
28.4,0,0,0,8,36.4,6,0,0
35.7,4,0,0,0,39.7,7,0,0
36.4,4,0,20,27.2,87.6,8,0,0
29.6,4,0,0,5.2,38.8,1,0,0
29.8,4,0.4,0,6.8,41,2,0,0
33.4,0,0,0,10,43.4,3,0,0
35.5,0,0,0,11.2,46.7,4,0,0
27.1,0,0,0,0,27.1,1,0,0
27.1,0,0,0,0,27.1,2,0,0
28.3,0,0,0,0,28.3,3,0,0
29.8,0,0,0,0,29.8,4,0,0
33.8,0,0,0,0,33.8,5,0,0
30,4,0,0,0,34,6,0,0
34.5,4,0,0,6.4,44.9,7,0,0
41.2,4,0,0,0,45.2,8,0,0
32.1,8,0,0,11.6,51.7,9,0,0
34.3,0,0,0,19.2,53.5,10,0,0
35.2,12,7.2,0,0,54.4,11,0,0
26.4,0,0,0,0,26.4,1,0,0
27.6,4,0,0,0,31.6,2,0,0
31.2,0,0.4,0,0.4,32,3,0,0
32.1,0,0,0,0,32.1,4,0,0
32.4,0,0,0,0,32.4,5,0,0
36.9,0,0,0,0,36.9,6,0,0
36,4,2.4,0,0,42.4,7,0,0
32.6,0,0,20,0,52.6,8,0,0
33.3,0,0.4,0,19.2,52.9,9,0,0
36.7,0,0,20,8,64.7,10,0,0
27.9,0,0,0,0,27.9,1,0,0
29.3,0,0,0,0,29.3,2,0,0
30,0,0,0,0,30,3,0,0
30.5,0,0,0,0,30.5,4,0,0
34.8,0,0,0,0,34.8,5,0,0
35,0,0,0,0,35,6,0,0
31.4,0,0,0,5.2,36.6,7,0,0
34.1,4,0,0,0,38.1,8,0,0
34.1,0,0,0,4.8,38.9,9,0,0
34.3,0,3.2,0,4,41.5,10,0,0
32.6,4,0,0,6.4,43,11,0,0
32.1,0,0,0,12.8,44.9,12,0,0
31.9,4,0,0,9.2,45.1,13,0,0
33.8,4,0,0,14.4,52.2,14,0,0
27.1,0,2.8,20,14.4,64.3,15,0,0
34.5,0,0,0,48.4,82.9,16,0,0
24.8,0,0,0,0,24.8,1,0,0
31.3,4,0,0,0,35.3,2,0,0
37,0,0,0,0,37,3,0,0
32.8,8,0,0,4.4,45.2,4,0,0
36,4,2.4,20,3.2,65.6,5,0,0
21.8,0,0,0,0,21.8,1,0,0
26.8,0,0,0,0,26.8,2,0,0
28,0,0,0,0,28,3,0,0
28.3,0,0,0,0,28.3,4,0,0
30,0,0,0,0,30,5,0,0
27.8,4,0,0,0,31.8,6,0,0
31.3,4,0,0,0,35.3,7,0,0
27.3,12,0,0,0,39.3,8,0,0
29.4,0,0,0,0,29.4,1,0,0
34.2,4,0,0,0,38.2,2,0,0
43.6,0,0,0,0.8,44.4,3,0,0
36.7,8,0.4,0,0.8,45.9,4,0,0
42.2,0,3.2,0,9.2,54.6,5,0,0
31.7,0,0,20,3.2,54.9,6,0,0
39.2,0,0,20,0,59.2,7,0,0
43.1,12,5.6,0,0,60.7,8,0,0
31.4,0,0,40,19.2,90.6,9,0,0
51.1,4,4.4,40,58.8,158.3,10,0,0
31.9,4,0,0,0,35.9,1,0,0
29.3,8,0,0,2.4,39.7,2,0,0
36,4,0,0,4.8,44.8,3,0,0
42.4,0,0,0,3.6,46,4,0,0
38.1,4,2.4,0,2.8,47.3,5,0,0
33.1,0,0,20,0,53.1,6,0,0
34.1,8,0,20,21.6,83.7,1,0,0
31.4,4,0,0,0,35.4,1,0,0
41.4,0,0,0,0,41.4,2,0,0
43.1,0,0,0,0,43.1,3,0,0
46.9,0,0,0,0,46.9,4,0,0
39.4,16,1.2,0,0,56.6,5,0,0
37.5,4,0,20,10.8,72.3,6,0,0
33.9,0,0,20,30,83.9,7,0,0
22.5,0,1.2,0,0,23.7,1,0,0
28.4,0,0,0,0,28.4,2,0,0
29.1,0,0.8,0,0,29.9,3,0,0
30.3,0,0,0,0,30.3,4,0,0
27.5,4,0,0,0,31.5,5,0,0
28.1,4,4.8,0,0,36.9,6,0,0
26.9,0,0,0,10.8,37.7,7,0,0
35.6,4,0,0,8,47.6,8,0,0
24.8,0,0,0,0,24.8,1,0,0
27,0,0,0,0,27,2,0,0
31,0,0,0,0,31,3,0,0
31,0,0,0,0,31,4,0,0
32.5,0,0,0,0,32.5,5,0,0
27.8,4,0,0,2.8,34.6,6,0,0
32.8,4,0,0,10,46.8,7,0,0
35,16,9.6,60,0,120.6,8,0,0
21.8,0,0,0,0,21.8,1,0,0
27.3,4,0,0,0,31.3,2,0,0
32.5,0,0,0,0,32.5,3,0,0
33.8,4,0,0,0,37.8,4,0,0
34.5,4,0,0,0,38.5,5,0,0
40.5,0,0,0,0,40.5,6,0,0
34.8,0,0,0,6.8,41.6,7,0,0
42.5,0,0,0,0,42.5,8,0,0
29.8,4,0,0,14,47.8,9,0,0
36.8,8,0,0,5.6,50.4,10,0,0
22,4,0,0,0,26,1,0,0
28.5,0,0,0,0,28.5,2,0,0
28.3,0,2.8,0,0,31.1,3,0,0
33.3,0,0,0,0,33.3,4,0,0
34.5,0,0,0,0,34.5,5,0,0
34.5,0,0,0,0,34.5,6,0,0
36.3,0,0,0,0,36.3,7,0,0
32,4,0.8,0,1.2,38,8,0,0
35,4,0,0,0,39,9,0,0
33,4,5.2,0,1.2,43.4,10,0,0
30,0,0,0,0,30,1,0,0
30.9,0,4,0,0,34.9,2,0,0
27.1,0,1.6,0,0,28.7,1,0,0
29.8,0,0,0,0,29.8,2,0,0
32.1,0,0,0,0,32.1,3,0,0
32.9,4,0,0,0,36.9,4,0,0
39.3,4,0,0,0,43.3,5,0,0
28.1,0,0,0,0,28.1,1,0,0
31.7,0,0,0,0,31.7,2,0,0
30.7,0,1.2,0,0,31.9,3,0,0
32.4,0,0,0,0,32.4,4,0,0
31.2,4,0,0,0,35.2,5,0,0
37.6,0,0,0,0,37.6,6,0,0
33.1,4,0.8,0,0,37.9,7,0,0
32.4,8,0,0,0,40.4,8,0,0
30.7,0,0,0,0,30.7,1,0,0
28.1,0,0,0,4,32.1,2,0,0
32.4,4,0,0,0,36.4,3,0,0
37.4,0,0,0,0,37.4,4,0,0
33.6,4,0,0,0,37.6,5,0,0
35.5,4,0,0,0,39.5,6,0,0
37.9,4,0,0,0,41.9,7,0,0
34.3,8,0,0,0,42.3,8,0,0
38.6,12,0,0,0,50.6,9,0,0
33.3,0,0,0,0,33.3,1,0,0
32.8,4,1.2,0,0,38,2,0,0
35.3,4,4,0,0,43.3,3,0,0
33.3,0,0,0,10.8,44.1,4,0,0
30.8,0,0,40,7.2,78,5,0,0
28.6,0,0,0,0,28.6,1,0,0
28.6,4,0,0,0,32.6,2,0,0
28.9,4,0,0,1.2,34.1,3,0,0
30.8,0,0,0,4.4,35.2,4,0,0
29.4,0,0,0,6.8,36.2,5,0,0
35,8,0,0,0,43,6,0,0
40,4,0,0,0,44,7,0,0
30.3,0,0,0,14,44.3,8,0,0
31.7,0,0,0,16.4,48.1,9,0,0
25.3,0,0,0,0,25.3,1,0,0
25.3,0,0,0,0,25.3,2,0,0
25.8,0,0,0,0,25.8,3,0,0
25.6,4,0,0,0,29.6,4,0,0
29.7,0,0,0,0,29.7,5,0,0
30.8,4,0.8,0,0,35.6,6,0,0
32.2,4,0,0,0,36.2,7,0,0
35,4,0,0,0,39,8,0,0
33.6,4,0,0,8.4,46,9,0,0
34.1,0,0,0,12,46.1,1,0,0
33.9,4,0.8,0,17.6,56.3,2,0,0
39.8,4,0.4,0,12.8,57,3,0,0
36.9,0,0,0,21.2,58.1,4,0,0
38.5,16,9.6,0,8,72.1,5,0,0
30.9,0,0,0,13.6,44.5,1,0,0
34.5,0,0,0,12.8,47.3,2,0,0
34.1,4,0,0,12,50.1,3,0,0
30.4,0,0.8,0,20,51.2,4,0,0
37.5,0,0,0,26.4,63.9,5,0,0
34.5,8,0,0,22,64.5,6,0,0
40.2,8,2.8,0,25.6,76.6,7,0,0
32.5,16,10.4,0,24.8,83.7,8,0,0
34.3,4,8.4,20,37.2,103.9,9,0,0
25.2,0,0,0,0,25.2,1,0,0
19.5,0,1.5,0,12.8,33.8,2,0,0
25,4,0,0,8,37,3,0,0
36.9,4,0,0,1.2,42.1,4,0,0
37.4,0,0,0,6.4,43.8,5,0,0
39,0,0,0,7.2,46.2,6,0,0
35.2,4,0,0,0,39.2,1,0,0
33.6,4,5.25,0,2.4,45.25,2,0,0
33.3,0,0,0,12.8,46.1,3,0,0
39,4,0,0,9.6,52.6,4,0,0
41.4,4,0,0,10,55.4,5,0,0
37.1,0,0,20,12.4,69.5,6,0,0
34,12,9.25,0,27.2,82.45,7,0,0
34.3,12,1,20,17.2,84.5,8,0,0
33.1,4,4.75,80,24,145.85,9,0,0
31.8,0,0,0,0,31.8,1,0,0
35,0,0,0,0,35,2,0,0
31.5,4,0,0,0,35.5,3,0,0
39,8,1.25,0,0,48.25,4,0,0
34.5,0,0,20,0,54.5,5,0,0
33.8,4,3.5,20,0,61.3,6,0,0
29.3,0,0,0,0,29.3,1,0,0
28.8,4,0.5,0,0,33.3,2,0,0
30.8,4,0,0,0,34.8,3,0,0
36,0,0,0,0,36,4,0,0
32.8,4,0,0,0,36.8,5,0,0
37.3,0,0,0,0,37.3,6,0,0
38,0,0,0,0,38,7,0,0
39,0,0,0,0,39,8,0,0
39.3,0,0,0,0,39.3,9,0,0
41,0,0,0,0,41,10,0,0
44,0,0,0,0,44,11,0,0
44.5,0,0,0,0,44.5,12,0,0
40.8,4,0,0,0,44.8,13,0,0
40.3,4,4.75,0,0.4,49.45,14,0,0
38,8,0,0,4.4,50.4,15,0,0
35.5,8,0,0,13,56.5,16,0,0
30.5,8,0,20,0,58.5,17,0,0
34.3,16,7,20,0,77.3,18,0,0
33.5,0,0,60,20,113.5,19,0,0
30.6,0,0,0,0,30.6,1,0,0
30,0,0,0,1,31,2,0,0
32.5,0,0,0,0,32.5,3,0,0
33.1,0,0,0,0,33.1,4,0,0
36.4,0,0,0,0,36.4,5,0,0
33.3,4,0,0,0,37.3,6,0,0
33.6,4,0,0,0,37.6,7,0,0
37.2,0,0,0,1.2,38.4,8,0,0
38.6,0,0,0,0,38.6,9,0,0
35.8,0,0.5,0,3,39.3,10,0,0
37.5,0,0,0,5,42.5,11,0,0
36.7,8,0,0,0,44.7,12,0,0
37.5,4,0,0,13,54.5,13,0,0
34.7,0,0,20,0,54.7,14,0,0
40,16,0,0,0,56,15,0,0
35,4,0,20,0,59,16,0,0
20.3,8,0,0,0,28.3,1,0,0
28.6,4,0,0,0,32.6,2,0,0
35,0,0,0,0,35,3,0,0
40.6,0,0,0,0.4,41,4,0,0
24.7,0,0,20,2.8,47.5,5,0,0
42.8,20,0,20,2,84.8,6,0,0
27.6,0,0,0,0,27.6,1,0,0
26.5,0,0,0,0,26.5,1,0,0
28.3,0,0,0,0,28.3,4,0,0
28.5,0,0,0,0,28.5,5,0,0
29.3,0,0,0,0,29.3,6,0,0
28.8,0,0,20,0,48.8,7,0,0
32.8,0,0,20,0,52.8,8,0,0
29.8,0,0,0,0,29.8,1,0,0
32.5,0,0,0,0,32.5,2,0,0
34.5,0,0,0,0,34.5,3,0,0
35.3,0,0,0,0,35.3,4,0,0
35.5,0,0,0,0,35.5,5,0,0
37.5,0,0,0,0,37.5,6,0,0
34.5,4,0,0,0,38.5,7,0,0
29.5,0,0,0,0,29.5,1,0,0
31.5,0,0,0,0,31.5,2,0,0
32.3,0,0,0,0,32.3,3,0,0
32.5,0,0,0,0,32.5,4,0,0
39.3,4,0,20,0,63.3,7,0,0
26.3,0,0,0,0,26.3,1,0,0
27.5,0,0,0,0,27.5,2,0,0
30.5,0,0,0,0,30.5,3,0,0
30.8,0,0,0,0,30.8,4,0,0
32.5,0,0,0,0,32.5,5,0,0
32.8,0,0,0,0,32.8,6,0,0
37.3,0,0,0,0,37.3,7,0,0
37,4,0,0,0,41,8,0,0
31.8,0,0,20,0,51.8,9,0,0
34,0,0,40,0,74,10,0,0
23,0,0,0,0,23,1,0,0
23.5,0,0,0,0,23.5,2,0,0
31,0,0,0,0,31,3,0,0
33,0,0,0,0,33,4,0,0
35.8,0,0,0,0,35.8,5,0,0
33.8,4,0,0,0,37.8,6,0,0
29.8,0,0,20,0,49.8,7,0,0
34.8,0,0,20,0,54.8,8,0,0
27.2,0,0,0,0,27.2,1,0,0
26.9,4,0,0,0,30.9,2,0,0
32.8,0,0,0,0,32.8,3,0,0
32.2,0,0,20,0,52.2,6,0,0
28.4,12,0,20,0,60.4,7,0,0
33.4,12,0,20,0,65.4,8,0,0
36.3,0,0,40,0,76.3,9,0,0
24.1,0,0,0,0,24.1,1,0,0
29.7,0,0,0,0,29.7,2,0,0
27.5,4,0,0,0,31.5,3,0,0
32.8,0,0,0,0,32.8,4,0,0
37.5,0,0,0,0,37.5,5,0,0
31.3,0,0,20,0,51.3,6,0,0
33.8,0,0,20,0,53.8,7,0,0
27,0,0,0,0,27,3,0,0
27.3,0,0,0,0,27.3,4,0,0
29,0,0,0,0,29,5,0,0
30.3,0,0,0,0,30.3,6,0,0
27.5,4,0,0,0,31.5,7,0,0
28.5,4,0,0,0,32.5,8,0,0
27.3,0,0,20,0,47.3,9,0,0
30.5,0,0,20,0,50.5,10,0,0
33,0,0,20,0,53,11,0,0
34.8,0,0,0,0,34.8,1,0,0
32.3,4,0,0,0,36.3,2,0,0
44,0,0,0,0,44,3,0,0
42.5,4,0,0,0,46.5,4,0,0
55.3,0,0,0,0,55.3,5,0,0
44.8,0,0,20,0,64.8,6,0,0
44,8,0,40,0,92,7,0,0
30.3,0,0,0,0,30.3,1,0,0
35.3,0,0,0,0,35.3,2,0,0
35.5,0,0,0,0,35.5,3,0,0
38,0,0,0,0,38,4,0,0
38.8,0,0,0,0,38.8,5,0,0
41,0,0,0,0,41,6,0,0
46,0,0,0,0,46,7,0,0
34,0,0,20,0,54,8,0,0
28,0,0,0,0,28,1,0,0
29,0,0,0,0,29,2,0,0
30.5,0,0,0,0,30.5,3,0,0
33.3,0,0,0,0,33.3,6,0,0
34,0,0,0,0,34,7,0,0
25.6,0,0,0,0,25.6,1,0,0
25.9,0,0,0,0,25.9,2,0,0
26.6,0,0,0,0,26.6,3,0,0
25.9,4,0,0,0,29.9,4,0,0
25.6,0,0,20,0,45.6,5,0,0
32.2,0,0,0,0,32.2,1,0,0
33.4,0,0,0,0,33.4,2,0,0
34.1,0,0,0,0,34.1,3,0,0
36.6,4,0,0,0,40.6,4,0,0
35.6,0,0,20,0,55.6,5,0,0
36.3,0,0,20,0,56.3,6,0,0
38.8,0,0,20,0,58.8,7,0,0
34.4,0,0,40,0,74.4,8,0,0
30.7,0,0,0,0,30.7,1,0,0
40.4,0,0,0,0,40.4,2,0,0
37.4,4,0,0,0,41.4,3,0,0
35.9,8,0,0,0,43.9,4,0,0
24.3,0,0,0,0,24.3,1,0,0
30.5,0,0,0,0,30.5,2,0,0
36.9,0,0,0,0,36.9,3,0,0
37.6,0,0,0,0,37.6,4,0,0
35.7,4,0,0,0,39.7,5,0,0
39.8,0,0,20,0,59.8,6,0,0
28.1,0,0,0,0,28.1,1,0,0
29.3,0,0,0,0,29.3,2,0,0
33.8,0,0,0,0,33.8,3,0,0
34.3,0,0,0,0,34.3,4,0,0
35,0,0,0,0,35,5,0,0
31.9,4,0,0,0,35.9,6,0,0
32.6,4,0,0,0,36.6,7,0,0
36.7,0,0,0,0,36.7,8,0,0
36.9,4,0,0,0,40.9,9,0,0
34.8,0,0,20,0,54.8,10,0,0
30,0,0,0,0,30,1,0,0
30.2,0,0,0,0,30.2,2,0,0
33.3,0,0,0,0,33.3,3,0,0
38.6,0,0,0,0,38.6,4,0,0
36.4,4,0,0,0,40.4,5,0,0
41.9,0,0,0,0,41.9,6,0,0
33.3,4,0,20,0,57.3,7,0,0
32.4,0,0,0,0,32.4,1,0,0
33.6,0,0,0,0,33.6,4,0,0
40,0,0,0,0,40,5,0,0
30.5,0,0,20,0,50.5,6,0,0
49.3,0,0,20,0,69.3,7,0,0
23.6,0,0,0,0,23.6,1,0,0
23.8,0,0,0,0,23.8,2,0,0
25.2,0,0,0,0,25.2,3,0,0
26,0,0,0,0,26,4,0,0
28.8,0,0,0,0,28.8,5,0,0
35,0,0,0,0,35,6,0,0
31.7,4,0,0,0,35.7,7,0,0
32.1,4,0,0,0,36.1,8,0,0
36.2,0,0,0,0,36.2,9,0,0
29.1,0,0,0,0,29.1,1,0,0
29.8,0,0,0,0,29.8,2,0,0
30.5,0,0,0,0,30.5,3,0,0
26.7,4,0,0,0,30.7,4,0,0
33.3,0,0,0,0,33.3,5,0,0
33.1,4,0,0,0,37.1,6,0,0
33.3,4,0,0,0,37.3,7,0,0
35.2,0,0,20,0,55.2,8,0,0
28.1,0,0,0,0,28.1,1,0,0
28.6,0,0,0,0,28.6,2,0,0
31.9,0,0,0,0,31.9,3,0,0
32.1,0,0,0,0,32.1,4,0,0
32.6,0,0,0,0,32.6,5,0,0
35,0,0,0,0,35,6,0,0
36.7,0,0,0,0,36.7,7,0,0
36.9,0,0,0,0,36.9,8,0,0
36,0,0,80,0,116,9,0,0
27.9,0,0,0,0,27.9,1,0,0
30.2,0,0,0,0,30.2,2,0,0
32.1,0,0,0,0,32.1,3,0,0
33.6,0,0,0,0,33.6,4,0,0
31.7,4,0,0,0,35.7,5,0,0
33.3,4,0,0,0,37.3,6,0,0
34.8,4,0,0,0,38.8,7,0,0
32.6,0,0,60,0,92.6,8,0,0
23.8,0,0,80,0,103.8,9,0,0
24.4,0,0,0,0,24.4,1,0,0
34.4,0,0,0,0,34.4,6,0,0
36.4,0,0,0,0,36.4,7,0,0
32.8,0,0,20,0,52.8,8,0,0
34.7,0,0,20,0,54.7,9,0,0
32.2,0,0,0,0,32.2,1,0,0
33.3,0,0,0,0,33.3,7,0,0
34.2,0,0,0,0,34.2,8,0,0
34.4,0,0,0,0,34.4,9,0,0
35,0,0,0,0,35,10,0,0
35.6,0,0,60,0,95.6,11,0,0
29.2,0,0,0,0,29.2,1,0,0
34.2,0,0,0,0,34.2,4,0,0
36.7,0,0,0,0,36.7,5,0,0
36.9,0,0,0,0,36.9,6,0,0
38.6,0,0,0,0,38.6,7,0,0
38.9,0,0,0,0,38.9,8,0,0
35.3,4,0,0,0,39.3,9,0,0
45.3,0,0,0,0,45.3,10,0,0
35,0,0,20,0,55,11,0,0
37.5,0,0,20,0,57.5,12,0,0
34.2,4,0,40,0,78.2,13,0,0
26.7,0,0,0,0,26.7,1,0,0
28.3,0,0,0,0,28.3,2,0,0
28.9,0,0,0,0,28.9,3,0,0
29.7,0,0,0,0,29.7,4,0,0
31.4,0,0,0,0,31.4,5,0,0
31.9,0,0,0,0,31.9,6,0,0
28.6,4,0,0,0,32.6,7,0,0
29.4,4,0,0,0,33.4,8,0,0
34.4,0,0,0,0,34.4,9,0,0
28.6,0,0,0,0,28.6,1,0,0
30,0,0,0,0,30,2,0,0
30.3,4,0,0,0,34.3,3,0,0
36.1,0,0,0,0,36.1,4,0,0
36.4,0,0,0,0,36.4,5,0,0
36.7,0,0,0,0,36.7,6,0,0
33.6,4,0,0,0,37.6,7,0,0
37.8,0,0,0,0,37.8,8,0,0
40.8,0,0,0,0,40.8,9,0,0
36.1,0,0,20,0,56.1,10,0,0
53.1,0,0,20,0,73.1,11,0,0
43.3,0,0,40,0,83.3,12,0,0
32.5,0,0,0,0,32.5,1,0,0
33.6,0,0,0,0,33.6,2,0,0
35,0,0,0,0,35,3,0,0
31.7,4,0,0,0,35.7,4,0,0
36.4,0,0,0,0,36.4,5,0,0
36.7,0,0,0,0,36.7,6,0,0
32.8,4,0,0,0,36.8,7,0,0
42.2,0,0,0,0,42.2,8,0,0
31.4,0,0,20,0,51.4,9,0,0
33.9,0,0,20,0,53.9,10,0,0
28.3,0,0,0,0,28.3,1,0,0
30.8,0,0,0,0,30.8,2,0,0
31.1,0,0,0,0,31.1,3,0,0
33.3,0,0,0,0,33.3,4,0,0
33.6,0,0,0,0,33.6,5,0,0
34.2,0,0,0,0,34.2,6,0,0
39.2,4,0,0,0,43.2,7,0,0
35.8,4,0,20,0,59.8,8,0,0
43.9,0,0,20,0,63.9,9,0,0
41.7,0,0,40,0,81.7,10,0,0
31.7,0,0,0,0,31.7,1,0,0
33.3,0,0,0,0,33.3,2,0,0
34.7,0,0,0,0,34.7,3,0,0
31.9,0,0,20,0,51.9,4,0,0
26.1,0,0,0,0,26.1,1,0,0
26.4,0,0,0,0,26.4,2,0,0
29.4,0,0,0,0,29.4,3,0,0
30.8,0,0,0,0,30.8,4,0,0
31.7,0,0,0,0,31.7,5,0,0
28.3,4,0,0,0,32.3,6,0,0
32.5,0,0,0,0,32.5,7,0,0
34.4,0,0,0,0,34.4,1,0,0
40.8,0,0,0,0,40.8,2,0,0
41.7,0,0,0,0,41.7,3,0,0
45.3,0,0,0,0,45.3,4,0,0
50,4,0,0,0,54,5,0,0
39.4,0,0,20,0,59.4,6,0,0
35.3,0,0,40,0,75.3,7,0,0
29.7,0,0,0,0,29.7,1,0,0
30.8,0,0,0,0,30.8,2,0,0
31.7,0,0,0,0,31.7,3,0,0
32.5,0,0,0,0,32.5,4,0,0
33.3,0,0,0,0,33.3,5,0,0
33.9,0,0,0,0,33.9,6,0,0
34.4,0,0,0,0,34.4,7,0,0
35.8,0,0,0,0,35.8,8,0,0
37.2,12,0,0,0,49.2,9,0,0
31.9,0,0,20,0,51.9,10,0,0
29.8,4,0,0,0,33.8,1,0,0
36.9,0,0,0,0,36.9,2,0,0
37.4,12,0,0,0,49.4,3,0,0
29.8,8,0,0,0,37.8,1,0,0
35,4,0,0,0,39,2,0,0
36,12,0,0,0,48,3,0,0
40.5,20,0,40,0,100.5,4,0,0
31.2,0,0,0,0,31.2,1,0,0
35,0,0,0,0,35,2,0,0
37.6,0,0,0,0,37.6,3,0,0
34.1,4,0,0,0,38.1,4,0,0
31.4,8,0,0,0,39.4,5,0,0
37.4,4,0,0,0,41.4,6,0,0
37.1,8,0,0,0,45.1,7,0,0
33.1,20,0,0,0,53.1,8,0,0
33.8,0,0,60,0,93.8,9,0,0
29.1,0,0,0,0,29.1,1,0,0
28.1,4,0,0,0,32.1,2,0,0
33.1,0,0,0,0,33.1,3,0,0
31.4,8,0,0,0,39.4,4,0,0
32.1,12,0,0,0,44.1,5,0,0
41.2,4,0,0,0,45.2,6,0,0
36.7,12,0,0,0,48.7,7,0,0
36.9,12,0,20,0,68.9,8,0,0
35,0,0,0,0,35,1,0,0
37.1,0,0,0,0,37.1,2,0,0
34.1,4,0,0,0,38.1,3,0,0
35.2,4,0,0,0,39.2,4,0,0
33.8,4,0,20,0,57.8,5,0,0
35.7,4,0,20,0,59.7,6,0,0
30.3,4,0,0,0,34.3,1,0,0
34.5,0,0,0,0,34.5,2,0,0
35.5,0,0,0,0,35.5,3,0,0
34.3,4,0,0,0,38.3,4,0,0
37.8,16,0,0,0,53.8,5,0,0
42.8,12,0,0,0,54.8,6,0,0
46,12,0,0,0,58,7,0,0
41.8,4,0,20,0,65.8,8,0,0
37.3,4,0,40,0,81.3,9,0,0
31.8,4,0,60,0,95.8,10,0,0
30,0,0,0,0,30,1,0,0
33.5,0,0,0,0,33.5,2,0,0
34,0,0,0,0,34,3,0,0
31.8,4,0,0,0,35.8,4,0,0
32,4,0,0,0,36,5,0,0
24.5,12,0,0,0,36.5,6,0,0
25.3,12,0,0,0,37.3,7,0,0
34.8,4,0,0,0,38.8,8,0,0
33,0,0,0,0,33,1,0,0
31,4,0,0,0,35,2,0,0
33.8,4,0,0,0,37.8,3,0,0
38.3,0,0,0,0,38.3,4,0,0
39,4,0,0,0,43,5,0,0
36.8,12,0,0,0,48.8,8,0,0
39,4,0,20,0,63,9,0,0
33.5,0,0,40,0,73.5,10,0,0
38,8,0,60,0,106,11,0,0
29.5,0,0,0,0,29.5,1,0,0
30.3,0,0,0,0,30.3,2,0,0
31.8,0,0,0,0,31.8,3,0,0
35.5,0,0,0,0,35.5,4,0,0
37.5,0,0,0,0,37.5,5,0,0
34.3,4,0,0,0,38.3,6,0,0
39.3,4,0,0,0,43.3,7,0,0
28,0,0,20,0,48,8,0,0
37,16,0,0,0,53,9,0,0
32.3,0,0,60,0,92.3,10,0,0
31.8,0,0,0,0,31.8,1,0,0
40.3,0,0,0,0,40.3,4,0,0
42,0,0,0,0,42,5,0,0
39.5,4,0,0,0,43.5,6,0,0
41.3,4,0,0,0,45.3,7,0,0
37.5,8,0,0,0,45.5,8,0,0
35,12,0,0,0,47,9,0,0
33,0,0,20,0,53,10,0,0
35.5,0,0,20,0,55.5,11,0,0
43.8,16,0,0,0,59.8,12,0,0
34.3,8,0,20,0,62.3,13,0,0
34,0,0,0,0,34,1,0,0
30.5,4,0,0,0,34.5,2,0,0
34,4,0,0,0,38,3,0,0
36.3,8,0,0,0,44.3,4,0,0
38.8,4,0,20,0,62.8,5,0,0
37.5,0,0,0,0,37.5,1,0,0
33.9,4,0,0,0,37.9,2,0,0
34.7,4,0,0,0,38.7,3,0,0
39.4,0,0,0,0,39.4,4,0,0
35.8,4,0,0,0,39.8,5,0,0
36.1,4,0,0,0,40.1,6,0,0
37.2,4,0,0,0,41.2,7,0,0
36.1,0,0,40,0,76.1,8,0,0
31.4,0,0,0,0,31.4,1,0,0
32.2,0,0,0,0,32.2,2,0,0
31.4,4,0,0,0,35.4,3,0,0
33.6,4,0,0,0,37.6,4,0,0
38.1,0,0,0,0,38.1,5,0,0
39.7,0,0,0,0,39.7,6,0,0
38.3,4,0,0,0,42.3,7,0,0
40,4,0,0,0,44,8,0,0
29.7,0,0,20,0,49.7,9,0,0
36.7,4,0,20,0,60.7,10,0,0
38.1,4,0,20,0,62.1,11,0,0
37.8,0,0,0,0,37.8,1,0,0
38.6,0,0,0,0,38.6,2,0,0
40.8,0,0,0,0,40.8,3,0,0
37.8,4,0,0,0,41.8,4,0,0
42.2,0,0,0,0,42.2,5,0,0
43.1,0,0,0,0,43.1,6,0,0
40.6,4,0,0,0,44.6,7,0,0
43.3,4,0,0,0,47.3,8,0,0
50.3,4,0,0,0,54.3,9,0,0
39.7,0,0,20,0,59.7,10,0,0
46.4,4,0,20,0,70.4,11,0,0
35.3,0,0,0,0,35.3,1,0,0
42.8,0,0,0,0,42.8,4,0,0
45.6,0,0,0,0,45.6,5,0,0
40.3,0,0,20,0,60.3,6,0,0
38.4,0,0,40,0,78.4,7,0,0
31.6,0,0,0,0,31.6,1,0,0
32.2,0,0,0,0,32.2,2,0,0
34.7,0,0,0,0,34.7,3,0,0
35.3,0,0,0,0,35.3,4,0,0
32.2,4,0,0,0,36.2,5,0,0
37.5,4,0,0,0,41.5,6,0,0
34.4,0,0,20,0,54.4,7,0,0
30.6,0,0,0,0,30.6,1,0,0
31.9,0,0,0,0,31.9,2,0,0
35,0,0,0,0,35,3,0,0
37.8,0,0,0,0,37.8,4,0,0
35.3,4,0,20,0,59.3,5,0,0
33.8,0,0,0,0,33.8,1,0,0
34.8,0,0,0,0,34.8,2,0,0
36,0,0,0,0,36,3,0,0
37.8,0,0,0,0,37.8,4,0,0
38.5,0,0,0,0,38.5,5,0,0
40.3,0,0,0,0,40.3,6,0,0
35.3,0,0,20,0,55.3,7,0,0
33.3,4,0,20,0,57.3,8,0,0
36.5,0,0,80,0,116.5,9,0,0
28.3,0,0,0,7.6,35.9,1,0,0
32.5,4,0,0,1.2,37.7,2,0,0
35.4,0,0,0,4.4,39.8,3,0,0
36.3,4,0,0,0,40.3,4,0,0
31,4,0,0,9.6,44.6,5,0,0
37.5,8,0,0,1.2,46.7,6,0,0
37.3,0,0,0,9.6,46.9,7,0,0
41.3,8,0,0,0,49.3,8,0,0
35.6,0,0,0,16.8,52.4,9,0,0
32.5,12,0,0,14.8,59.3,10,0,0
30,0,0,0,0,30,1,0,0
32.5,0,0,0,1.6,34.1,2,0,0
35.5,4,0,0,0,39.5,3,0,0
30.2,8,0,0,1.6,39.8,4,0,0
36.6,8,0,0,0,44.6,5,0,0
32.3,0,0,20,0.8,53.1,6,0,0
31.8,0,0,0,0,31.8,1,0,0
29.1,4,0,0,0,33.1,2,0,0
33.4,4,0,0,0,37.4,3,0,0
33.9,4,0,0,0,37.9,4,0,0
35.2,4,0,0,0,39.2,5,0,0
35,4,0,0,1.6,40.6,6,0,0
33.6,8,0,0,0,41.6,7,0,0
34.1,0,0,0,7.6,41.7,8,0,0
39.1,4,0,0,0,43.1,9,0,0
33,0,0,0,14,47,10,0,0
34.8,8,4,0,8,54.8,11,0,0
24.8,0,0,0,0,24.8,1,0,0
25,0,0,0,0,25,2,0,0
26.7,0,0,0,0,26.7,3,0,0
31.4,0,0,0,0,31.4,4,0,0
30.5,0,0,0,1.6,32.1,5,0,0
33.8,0,0,0,0.4,34.2,6,0,0
34.8,0,0,0,0,34.8,7,0,0
33.6,0,0,0,5.2,38.8,8,0,0
31.9,0,0,20,16,67.9,9,0,0
31.4,4,0,20,14,69.4,10,0,0
33.3,12,4,40,9.6,98.9,11,0,0
29.1,0,0,0,0,29.1,1,0,0
29.3,0,0,0,0,29.3,2,0,0
31.4,0,0,0,0,31.4,3,0,0
31.9,0,0,0,0,31.9,4,0,0
28.8,4,0,0,0,32.8,5,0,0
33.8,0,0,0,0,33.8,6,0,0
31.7,4,0,0,0,35.7,7,0,0
37.6,0,0,0,0,37.6,8,0,0
29.3,8,0,0,4.8,42.1,9,0,0
39.8,4,0,0,0,43.8,10,0,0
34.5,8,0,0,1.6,44.1,11,0,0
40.2,12,9.6,0,2.8,64.6,12,0,0
36,0,0,20,14,70,13,0,0
42.1,8,0,20,5.2,75.3,14,0,0
36,0,0,0,0,36,1,0,0
30.8,0,0,0,5.2,36,2,0,0
32.3,8,0,0,0,40.3,3,0,0
43,0,0,0,0,43,4,0,0
29.8,0,0,0,0,29.8,1,0,0
32,0,0,0,0,32,2,0,0
32,0,0,0,0,32,3,0,0
33.5,0,0,0,0,33.5,4,0,0
38,0,0,0,0,38,5,0,0
38.3,0,0,0,0,38.3,6,0,0
39,0,0,0,0,39,7,0,0
38,4,0,0,1.6,43.6,8,0,0
24.5,0,0,20,0,44.5,9,0,0
45,0,0,0,0,45,10,0,0
35.9,0,5:22,1,0,35.9,1,0,0
38.3,0,5:00,2,0,38.3,2,0,0
38.7,0,5:00,3,0,38.7,3,0,0
39.4,0,5:41,4,0,47,4,0,0
30.9,20,6:30,5,0,82.1,5,0,0
32.9,0,4:56,1,0,32.9,1,0,0
34.3,0,4:43,2,0,34.3,2,0,0
35.2,0,4:52,3,0,35.2,3,0,0
36,0,4:48,4,0,40,4,0,0
34.5,0,5:11,5,0,44.5,5,0,0
36.7,0,5:07,6,0,45.1,6,0,0
34.3,0,5:23,7,0,45.1,7,0,0
34.1,0,5:27,8,0,46.5,8,0,0
36.7,0,5:32,9,0,51.1,9,0,0
37.1,20,5:02,10,0,59.5,10,0,0
35,20,5:20,11,0,64.6,11,0,0
30,0,4:46,2,0,30,1,0,0
29.3,0,4:52,1,0,37.3,2,0,0
37.9,0,4:49,3,0,37.9,3,0,0
31.2,0,5:41,5,0,49.2,4,0,0
39.8,0,5:05,4,0,51.4,5,0,0
33.1,0,5:42,6,0,55.5,6,0,0
36.4,20,5:00,7,0,58,7,0,0
37.9,0,5:59,8,0,71.1,8,0,0
35,20,5:59,9,0,80.2,9,0,0
53.6,60,6:13,10,9.2,165.6,10,0,0
25.2,0,4:46,1,0,25.2,1,0,0
30.2,0,4:40,2,0,30.2,2,0,0
33.6,0,4:44,4,0,33.6,3,0,0
36,0,4:35,6,0,36,4,0,0
36.2,0,4:46,7,0,36.2,5,0,0
39.3,0,4:43,9,0,39.3,6,0,0
40,0,4:38,10,0,40,7,0,0
34.1,0,4:33,5,2,40.1,8,0,0
36.9,0,5:06,8,0,42.1,9,0,0
31.4,0,4:48,3,0,43.4,10,0,0
31,0,4:41,1,0,31,1,0,0
32.4,0,4:59,2,0,32.4,2,0,0
32.9,0,4:44,3,0,32.9,3,0,0
33.3,0,5:07,4,0,34.9,4,0,0
35.2,0,4:43,5,0,35.2,5,0,0
37.6,0,4:46,6,0,37.6,6,0,0
38.1,0,4:44,7,0,42.1,7,0,0
34.8,0,5:15,8,0,47.6,8,0,0
28.8,0,4:05,1,0,28.8,1,0,0
31.8,0,4:12,2,0,31.8,2,0,0
32.5,0,4:02,3,0,32.5,3,0,0
33.5,0,4:02,6,0,33.5,4,0,0
33.3,0,3:34,7,0,33.7,5,0,0
33.8,0,3:53,8,0,33.8,6,0,0
35,0,3:54,9,0,35,7,0,0
35.8,0,3:58,10,0,35.8,8,0,0
33,0,3:58,5,0,37,9,0,0
37.8,0,4:04,11,0,37.8,10,0,0
40.3,0,4:36,12,0,41.1,11,0,0
35.3,20,4:11,14,0,59.3,12,0,0
35.8,40,4:55,15,0,88.2,13,0,0
29.8,0,4:05,1,0,29.8,1,0,0
32.5,0,4:07,2,0,32.5,2,0,0
32.8,0,4:03,3,0,32.8,3,0,0
33.8,0,3:50,5,0,33.8,4,0,0
35,0,4:00,7,0,35,5,0,0
35,0,3:51,7,0,35,6,0,0
35.3,0,4:07,9,0,35.3,7,0,0
37,0,3:46,11,0,37,8,0,0
33.5,0,3:37,4,0,37.5,9,0,0
34.3,0,4:02,6,0,38.3,10,0,0
39.5,0,4:22,12,0,39.5,11,0,0
45.3,0,4:10,13,0,49.3,12,0,0
34.8,20,4:17,14,0,58.8,13,0,0
36,20,3:57,15,0,60,14,0,0
28.9,0,3:32,1,0,28.9,1,0,0
32.8,0,3:57,2,0,32.8,2,0,0
34.2,0,4:00,4,0,34.2,3,0,0
34.2,0,3:59,4,0,34.2,4,0,0
36.1,0,3:46,6,0,36.1,5,0,0
35.6,0,4:21,8,0,39.6,6,0,0
33.1,0,3:31,3,0,41.1,7,0,0
38.6,0,4:00,7,0,42.6,8,0,0
43.9,0,3:40,10,0,43.9,9,0,0
37.5,0,4:29,11,0,44.7,10,0,0
43.6,0,3:39,9,0,47.6,11,0,0
31.9,20,4:05,13,0,51.9,12,0,0
48.3,0,3:42,12,0,52.3,13,0,0
49.4,0,4:59,14,0,68.6,14,0,0
48.3,20,4:25,15,0,73.9,15,0,0
